Unnamed: 0.1,Unnamed: 0,name,company,year,Price,kms_driven,fuel_type
0,0,Hyundai Santro Xing,Hyundai,2007,80000.0,45000,Petrol
1,1,Mahindra Jeep CL550,Mahindra,2006,425000.0,40,Diesel
2,2,Hyundai Grand i10,Hyundai,2014,325000.0,28000,Petrol
3,3,Ford EcoSport Titanium,Ford,2014,575000.0,36000,Diesel
4,4,Ford Figo,Ford,2012,175000.0,41000,Diesel
5,5,Hyundai Eon,Hyundai,2013,190000.0,25000,Petrol
6,6,Ford EcoSport Ambiente,Ford,2016,830000.0,24530,Diesel
7,7,Maruti Suzuki Alto,Maruti,2015,250000.0,60000,Petrol
8,8,Skoda Fabia Classic,Skoda,2010,182000.0,60000,Petrol
9,9,Maruti Suzuki Stingray,Maruti,2015,315000.0,30000,Petrol
10,10,Hyundai Elite i20,Hyundai,2014,415000.0,32000,Petrol
11,11,Mahindra Scorpio SLE,Mahindra,2015,320000.0,48660,Diesel
12,12,Hyundai Santro Xing,Hyundai,2007,80000.0,45000,Petrol
13,13,Mahindra Jeep CL550,Mahindra,2006,425000.0,40,Diesel
14,14,Audi A8,Audi,2017,1000000.0,4000,Petrol
15,15,Audi Q7,Audi,2014,500000.0,16934,Diesel
16,16,Mahindra Scorpio S10,Mahindra,2016,350000.0,43000,Diesel
17,17,Maruti Suzuki Alto,Maruti,2014,160000.0,35550,Petrol
18,18,Mahindra Scorpio S10,Mahindra,2016,350000.0,43000,Diesel
19,19,Mahindra Scorpio S10,Mahindra,2016,310000.0,39522,Diesel
20,20,Maruti Suzuki Alto,Maruti,2015,75000.0,39000,Petrol
21,21,Hyundai i20 Sportz,Hyundai,2012,100000.0,55000,Petrol
22,22,Hyundai i20 Sportz,Hyundai,2012,100000.0,55000,Petrol
23,23,Hyundai i20 Sportz,Hyundai,2012,100000.0,55000,Petrol
24,24,Maruti Suzuki Alto,Maruti,2017,190000.0,72000,Petrol
25,25,Maruti Suzuki Vitara,Maruti,2016,290000.0,15975,Diesel
26,26,Maruti Suzuki Alto,Maruti,2008,95000.0,70000,Petrol
27,27,Mahindra Bolero DI,Mahindra,2017,180000.0,23452,Diesel
28,28,Maruti Suzuki Swift,Maruti,2014,385000.0,35522,Diesel
29,29,Mahindra Scorpio S10,Mahindra,2015,250000.0,48508,Diesel
30,30,Maruti Suzuki Swift,Maruti,2017,180000.0,15487,Petrol
31,31,Maruti Suzuki Wagon,Maruti,2013,105000.0,39000,Petrol
32,32,Maruti Suzuki Wagon,Maruti,2013,105000.0,39000,Petrol
33,33,Toyota Innova 2.0,Toyota,2012,650000.0,82000,Diesel
34,34,Renault Lodgy 85,Renault,2018,689999.0,20000,Diesel
35,35,Skoda Yeti Ambition,Skoda,2012,448000.0,68000,Diesel
36,36,Maruti Suzuki Baleno,Maruti,2017,549000.0,32000,Diesel
37,37,Renault Duster 110,Renault,2012,501000.0,38000,Diesel
38,38,Renault Duster 85,Renault,2013,489999.0,27000,Diesel
39,39,Honda City 1.5,Honda,2011,280000.0,33000,Petrol
40,40,Maruti Suzuki Alto,Maruti,2015,250000.0,60000,Petrol
41,41,Maruti Suzuki Dzire,Maruti,2013,349999.0,46000,Diesel
42,42,Honda Amaze,Honda,2013,284999.0,46000,Diesel
43,43,Honda Amaze 1.5,Honda,2015,345000.0,36000,Diesel
44,44,Honda City,Honda,2015,499999.0,55000,Petrol
45,45,Datsun Redi GO,Datsun,2017,235000.0,16000,Petrol
46,46,Maruti Suzuki SX4,Maruti,2010,249999.0,36000,Petrol
47,47,Mitsubishi Pajero Sport,Mitsubishi,2015,1475000.0,47000,Diesel
48,48,Mahindra Bolero DI,Mahindra,2017,180000.0,23452,Diesel
49,49,Maruti Suzuki Swift,Maruti,2014,385000.0,35522,Diesel
50,50,Mahindra Scorpio S10,Mahindra,2015,250000.0,48508,Diesel
51,51,Maruti Suzuki Swift,Maruti,2017,180000.0,15487,Petrol
52,52,Maruti Suzuki Wagon,Maruti,2013,105000.0,39000,Petrol
53,53,Maruti Suzuki Wagon,Maruti,2013,105000.0,39000,Petrol
54,54,Mahindra Scorpio S10,Mahindra,2015,395000.0,35000,Diesel
55,55,Maruti Suzuki Swift,Maruti,2017,220000.0,30874,Petrol
56,56,Honda City ZX,Honda,2017,170000.0,15000,Diesel
57,57,Maruti Suzuki Wagon,Maruti,2013,85000.0,29685,Petrol
58,58,Ford Figo,Ford,2012,175000.0,41000,Diesel
59,59,Hyundai Eon,Hyundai,2013,190000.0,25000,Petrol
60,60,Tata Indigo eCS,Tata,2017,200000.0,130000,Diesel
61,61,Ford EcoSport Ambiente,Ford,2016,830000.0,24530,Diesel
62,62,Tata Indigo eCS,Tata,2017,200000.0,130000,Diesel
63,63,Mahindra Scorpio SLE,Mahindra,2012,570000.0,19000,Diesel
64,64,Volkswagen Polo Highline,Volkswagen,2014,315000.0,60000,Petrol
65,65,Skoda Fabia Classic,Skoda,2010,182000.0,60000,Petrol
66,66,Maruti Suzuki Stingray,Maruti,2015,315000.0,30000,Petrol
67,67,Chevrolet Spark LS,Chevrolet,2010,110000.0,41000,Petrol
68,68,Renault Duster 110PS,Renault,2012,501000.0,35000,Diesel
69,69,Honda City,Honda,2015,448999.0,54000,Petrol
70,70,Mini Cooper S,Mini,2013,1891111.0,13000,Petrol
71,71,Datsun Redi GO,Datsun,2017,235000.0,16000,Petrol
72,72,Skoda Fabia 1.2L,Skoda,2011,159500.0,38200,Diesel
73,73,Honda Amaze,Honda,2015,344999.0,22000,Petrol
74,74,Honda Amaze,Honda,2015,344999.0,22000,Petrol
75,75,Renault Duster,Renault,2014,449999.0,50000,Diesel
76,76,Mini Cooper S,Mini,2013,1891111.0,13500,Petrol
77,77,Mahindra Scorpio S4,Mahindra,2015,865000.0,30000,Diesel
78,78,Mahindra Scorpio VLX,Mahindra,2014,699000.0,50000,Diesel
79,79,Mahindra Quanto C8,Mahindra,2013,375000.0,20000,Diesel
80,80,Ford EcoSport,Ford,2017,489999.0,39000,Petrol
81,81,Honda Brio,Honda,2012,224999.0,30000,Petrol
82,82,Volkswagen Vento Highline,Volkswagen,2019,1200000.0,3600,Diesel
83,83,Hyundai i20 Magna,Hyundai,2009,195000.0,32000,Petrol
84,84,Toyota Corolla Altis,Toyota,2010,351000.0,38000,Diesel
85,85,Hyundai Verna Transform,Hyundai,2008,160000.0,45000,Petrol
86,86,Toyota Corolla Altis,Toyota,2009,240000.0,35000,Petrol
87,87,Honda City 1.5,Honda,2005,90000.0,50000,Petrol
88,88,Hyundai Elite i20,Hyundai,2014,415000.0,32000,Petrol
89,89,Skoda Fabia 1.2L,Skoda,2011,155000.0,45863,Diesel
90,90,BMW 3 Series,BMW,2011,600000.0,60500,Petrol
91,91,Maruti Suzuki A,Maruti,2011,189500.0,12500,Petrol
92,92,Toyota Etios GD,Toyota,2013,350000.0,60000,Diesel
93,93,Ford Figo Diesel,Ford,2012,210000.0,35000,Diesel
94,94,Maruti Suzuki Swift,Maruti,2014,390000.0,35000,Petrol
95,95,Chevrolet Beat LT,Chevrolet,2012,135000.0,45000,Diesel
96,96,BMW 7 Series,BMW,2009,1600000.0,35000,Petrol
97,97,Mahindra XUV500 W8,Mahindra,2013,701000.0,38000,Diesel
98,98,Hyundai i10 Magna,Hyundai,2014,265000.0,18000,Petrol
99,99,Hyundai Verna Fluidic,Hyundai,2015,525000.0,35000,Diesel
100,100,Maruti Suzuki Swift,Maruti,2013,372000.0,13349,Petrol
101,101,Maruti Suzuki Ertiga,Maruti,2016,635000.0,29000,Petrol
102,102,Ford EcoSport Titanium,Ford,2014,550000.0,44000,Diesel
103,103,Maruti Suzuki Ertiga,Maruti,2016,575000.0,29000,Petrol
104,104,Maruti Suzuki Ertiga,Maruti,2013,485000.0,42000,Diesel
105,105,Maruti Suzuki Alto,Maruti,2012,155000.0,14000,Petrol
106,106,Hyundai Grand i10,Hyundai,2014,345000.0,49000,Diesel
107,107,Honda Amaze 1.2,Honda,2014,325000.0,42000,Petrol
108,108,Hyundai i20 Asta,Hyundai,2012,329500.0,36200,Diesel
109,109,Ford Figo Diesel,Ford,2014,195000.0,50000,Diesel
110,110,Maruti Suzuki Eeco,Maruti,2015,251111.0,55000,Petrol
111,111,Maruti Suzuki Ertiga,Maruti,2014,569999.0,45000,Petrol
112,112,Maruti Suzuki Esteem,Maruti,2007,69999.0,51000,Petrol
113,113,Maruti Suzuki Ritz,Maruti,2014,299999.0,19000,Petrol
114,114,Maruti Suzuki Dzire,Maruti,2009,220000.0,46000,Petrol
115,115,Maruti Suzuki Ritz,Maruti,2013,399999.0,33000,Diesel
116,116,Maruti Suzuki Swift,Maruti,2013,372000.0,13349,Petrol
117,117,Maruti Suzuki Dzire,Maruti,2015,450000.0,104000,Diesel
118,118,Toyota Etios Liva,Toyota,2014,270000.0,55000,Petrol
119,119,Hyundai i20 Sportz,Hyundai,2011,350000.0,33333,Diesel
120,120,Chevrolet Spark,Chevrolet,2012,158400.0,33600,Petrol
121,121,Maruti Suzuki Alto,Maruti,2017,350000.0,5600,Petrol
122,122,Nissan Micra XV,Nissan,2011,179000.0,41000,Petrol
123,123,Maruti Suzuki Swift,Maruti,2007,125000.0,70000,Petrol
124,124,Maruti Suzuki Alto,Maruti,2018,200000.0,7500,Petrol
125,125,Honda Amaze 1.5,Honda,2013,299000.0,45000,Diesel
126,126,Maruti Suzuki Alto,Maruti,2015,220000.0,38000,Petrol
127,127,Chevrolet Beat,Chevrolet,2015,150000.0,30000,Petrol
128,128,Honda City 1.5,Honda,2010,285000.0,35000,Petrol
129,129,Ford EcoSport Trend,Ford,2016,830000.0,24330,Diesel
130,130,Hyundai i20 Asta,Hyundai,2009,210000.0,65480,Petrol
131,131,Maruti Suzuki Swift,Maruti,2013,340000.0,41000,Petrol
132,132,Tata Indica V2,Tata,2006,90000.0,20000,Petrol
133,133,Hindustan Motors Ambassador,Hindustan,2000,70000.0,200000,Diesel
134,134,Toyota Corolla Altis,Toyota,2010,289999.0,70000,Petrol
135,135,Toyota Corolla Altis,Toyota,2012,349999.0,59000,Petrol
136,136,Toyota Innova 2.5,Toyota,2012,849999.0,99000,Diesel
137,137,Volkswagen Jetta Highline,Volkswagen,2014,749999.0,46000,Diesel
138,138,Volkswagen Polo Comfortline,Volkswagen,2015,399999.0,2800,Petrol
139,139,Volkswagen Polo,Volkswagen,2014,274999.0,32000,Petrol
140,140,Mahindra Scorpio,Mahindra,2015,984999.0,22000,Diesel
141,141,Renault Duster,Renault,2014,449999.0,50000,Diesel
142,142,Honda Amaze,Honda,2015,344999.0,22000,Petrol
143,143,Nissan Sunny,Nissan,2012,224999.0,45000,Petrol
144,144,Hyundai Elite i20,Hyundai,2018,599999.0,21000,Petrol
145,145,Renault Kwid,Renault,2016,244999.0,11000,Petrol
146,146,Renault Duster,Renault,2013,399999.0,41000,Diesel
147,147,Ford EcoSport,Ford,2017,489999.0,39000,Petrol
148,148,Renault Duster,Renault,2014,474999.0,50000,Diesel
149,149,Mahindra Scorpio VLX,Mahindra,2011,499999.0,66000,Diesel
150,150,Maruti Suzuki Alto,Maruti,2018,310000.0,3000,Petrol
151,151,Chevrolet Spark LT,Chevrolet,2010,85000.0,45000,Petrol
152,152,Datsun Redi GO,Datsun,2016,245000.0,7000,Petrol
153,153,Maruti Suzuki Swift,Maruti,2010,189500.0,38500,Diesel
154,154,Fiat Punto Emotion,Fiat,2012,169500.0,37200,Diesel
155,155,Maruti Suzuki Swift,Maruti,2010,159500.0,43200,Diesel
156,156,Toyota Etios GD,Toyota,2013,275000.0,24800,Petrol
157,157,Hyundai i20 Sportz,Hyundai,2014,370000.0,60000,Diesel
158,158,Hyundai i10 Sportz,Hyundai,2010,168000.0,45872,Petrol
159,159,Chevrolet Beat LT,Chevrolet,2011,150000.0,40000,Diesel
160,160,Chevrolet Beat LS,Chevrolet,2011,145000.0,45000,Diesel
161,161,Chevrolet Beat LT,Chevrolet,2012,98500.0,38000,Diesel
162,162,Mahindra Scorpio VLX,Mahindra,2014,699000.0,50000,Diesel
163,163,Tata Indigo CS,Tata,2011,85000.0,11400,Diesel
164,164,Toyota Corolla Altis,Toyota,2015,575000.0,42000,Petrol
165,165,Honda City 1.5,Honda,2014,549000.0,39000,Petrol
166,166,Maruti Suzuki Swift,Maruti,2011,209000.0,47000,Diesel
167,167,Hyundai Eon Era,Hyundai,2013,185000.0,27000,Petrol
168,168,Mahindra Scorpio S10,Mahindra,2015,900000.0,97200,Diesel
169,169,Mahindra XUV500,Mahindra,2014,699999.0,52000,Diesel
170,170,Honda Brio,Honda,2012,224999.0,30000,Petrol
171,171,Ford Fiesta,Ford,2011,274999.0,55000,Diesel
172,172,Honda Amaze,Honda,2013,284999.0,46000,Diesel
173,173,Honda City,Honda,2015,599999.0,30000,Diesel
174,174,Maruti Suzuki Wagon,Maruti,2012,199999.0,44000,Petrol
175,175,Honda City,Honda,2014,544999.0,45000,Diesel
176,176,Hyundai i20,Hyundai,2009,199000.0,31000,Petrol
177,177,Tata Indigo eCS,Tata,2016,320000.0,175430,Diesel
178,178,Hyundai Fluidic Verna,Hyundai,2015,540000.0,38000,Diesel
179,179,Mahindra Quanto C8,Mahindra,2013,340000.0,37000,Diesel
180,180,Fiat Petra ELX,Fiat,2008,75000.0,65000,Petrol
181,181,Skoda Fabia 1.2L,Skoda,2011,159500.0,38200,Diesel
182,182,Mini Cooper S,Mini,2013,1891111.0,13000,Petrol
183,183,Hyundai Santro Xing,Hyundai,2005,49000.0,7500,Petrol
184,184,Maruti Suzuki Ciaz,Maruti,2016,700000.0,3350,Petrol
185,185,Maruti Suzuki Zen,Maruti,2000,55000.0,60000,Petrol
186,186,Honda City,Honda,2015,448999.0,54000,Petrol
187,187,Hyundai Creta 1.6,Hyundai,2017,895000.0,32000,Petrol
188,188,Mahindra Scorpio SLX,Mahindra,2007,355000.0,75000,Diesel
189,189,Mahindra Scorpio SLE,Mahindra,2012,565000.0,62000,Diesel
190,190,Toyota Innova 2.5,Toyota,2006,365000.0,73000,Diesel
191,191,Maruti Suzuki Alto,Maruti,2011,145000.0,41000,Petrol
192,192,Maruti Suzuki Wagon,Maruti,2011,210000.0,35000,Petrol
193,193,Tata Nano Cx,Tata,2013,40000.0,2200,Petrol
194,194,Maruti Suzuki Alto,Maruti,2013,125000.0,39000,Petrol
195,195,Maruti Suzuki Wagon,Maruti,2009,135000.0,45000,Petrol
196,196,Maruti Suzuki Swift,Maruti,2006,135000.0,45000,Petrol
197,197,Tata Sumo Victa,Tata,2012,285000.0,65000,Diesel
198,198,Maruti Suzuki Wagon,Maruti,2010,145000.0,54870,Petrol
199,199,Maruti Suzuki Alto,Maruti,2010,135000.0,34580,Petrol
200,200,Volkswagen Passat Diesel,Volkswagen,2009,450000.0,97000,Diesel
201,201,Renault Scala RxL,Renault,2015,375000.0,25000,Diesel
202,202,Mahindra Quanto C8,Mahindra,2013,375000.0,20000,Diesel
203,203,Hyundai Grand i10,Hyundai,2014,365000.0,20000,Petrol
204,204,Hyundai i20 Active,Hyundai,2015,500000.0,18000,Petrol
205,205,Mahindra Xylo E4,Mahindra,2012,400000.0,35000,Diesel
206,206,Mahindra Jeep MM,Mahindra,2019,390000.0,60,Diesel
207,207,Renault Duster 110PS,Renault,2012,501000.0,35000,Diesel
208,208,Mahindra Bolero SLE,Mahindra,2013,330000.0,80200,Diesel
209,209,Force Motors Force,Force,2015,580000.0,3200,Diesel
210,210,Maruti Suzuki SX4,Maruti,2012,265000.0,46000,Diesel
211,211,Mahindra Jeep CL550,Mahindra,2019,379000.0,0,Diesel
212,212,Maruti Suzuki Alto,Maruti,2015,219000.0,5000,Petrol
213,213,Mahindra Jeep CL550,Mahindra,2018,385000.0,588,Diesel
214,214,Toyota Etios,Toyota,2011,275000.0,36000,Diesel
215,215,Volkswagen Polo,Volkswagen,2015,330000.0,38000,Diesel
216,216,Honda City ZX,Honda,2008,110000.0,45000,Petrol
217,217,Maruti Suzuki Wagon,Maruti,2006,80000.0,71200,Petrol
218,218,Honda City VX,Honda,2016,519000.0,52000,Diesel
219,219,Mahindra Thar CRDe,Mahindra,2016,730000.0,29000,Diesel
220,220,Mitsubishi Pajero Sport,Mitsubishi,2015,1475000.0,47000,Diesel
221,221,Audi A4 1.8,Audi,2009,699000.0,47000,Petrol
222,222,Mercedes Benz GLA,Mercedes,2015,2000000.0,20000,Diesel
223,223,Land Rover Freelander,Land,2015,2100000.0,30000,Diesel
224,224,Renault Kwid RXT,Renault,2017,340000.0,5000,Petrol
225,225,Tata Aria Pleasure,Tata,2014,390000.0,35000,Diesel
226,226,Mercedes Benz B,Mercedes,2014,1400000.0,31000,Petrol
227,227,Datsun GO T,Datsun,2016,245000.0,7000,Petrol
228,228,Tata Indigo eCS,Tata,2016,320000.0,175430,Diesel
229,229,Tata Indigo eCS,Tata,2016,320000.0,175400,Diesel
230,230,Honda Jazz VX,Honda,2016,450000.0,41000,Petrol
231,231,Honda Amaze 1.2,Honda,2014,311000.0,33000,Petrol
232,232,Honda Amaze,Honda,2013,284999.0,46000,Diesel
233,233,Honda City,Honda,2012,399999.0,45000,Petrol
234,234,Honda City,Honda,2015,599999.0,39000,Diesel
235,235,Honda Amaze,Honda,2015,344999.0,22000,Petrol
236,236,Audi A4 1.8,Audi,2009,699000.0,47000,Petrol
237,237,Force Motors Force,Force,2015,580000.0,3200,Diesel
238,238,Mahindra Scorpio S4,Mahindra,2015,855000.0,30000,Diesel
239,239,Hyundai i20 Active,Hyundai,2015,535000.0,37000,Diesel
240,240,Mini Cooper S,Mini,2013,1891111.0,13000,Petrol
241,241,Maruti Suzuki Ciaz,Maruti,2017,699000.0,14000,Petrol
242,242,Chevrolet Tavera Neo,Chevrolet,2013,375000.0,55000,Diesel
243,243,Honda Amaze,Honda,2013,284999.0,46000,Diesel
244,244,Hyundai Eon Sportz,Hyundai,2012,178000.0,30000,Petrol
245,245,Tata Sumo Gold,Tata,2013,300000.0,50000,Diesel
246,246,Maruti Suzuki Wagon,Maruti,2003,90000.0,45000,Petrol
247,247,Maruti Suzuki Esteem,Maruti,2006,95000.0,45000,Petrol
248,248,Maruti Suzuki Eeco,Maruti,2015,255000.0,9300,Petrol
249,249,Chevrolet Enjoy 1.4,Chevrolet,2013,245000.0,55000,Diesel
250,250,Hyundai i20 Asta,Hyundai,2012,329500.0,36200,Diesel
251,251,Ford Figo Diesel,Ford,2014,195000.0,50000,Diesel
252,252,Maruti Suzuki Eeco,Maruti,2015,251111.0,55000,Petrol
253,253,Maruti Suzuki Ertiga,Maruti,2014,569999.0,45000,Petrol
254,254,Maruti Suzuki Esteem,Maruti,2007,69999.0,51000,Petrol
255,255,Maruti Suzuki Ritz,Maruti,2014,299999.0,19000,Petrol
256,256,Maruti Suzuki Dzire,Maruti,2009,220000.0,46000,Petrol
257,257,Maruti Suzuki Ritz,Maruti,2013,399999.0,33000,Diesel
258,258,Maruti Suzuki SX4,Maruti,2010,249999.0,36000,Petrol
259,259,Maruti Suzuki Wagon,Maruti,2015,289999.0,22000,Petrol
260,260,Mini Cooper S,Mini,2013,1891111.0,13500,Petrol
261,261,Nissan Terrano XL,Nissan,2015,499999.0,60000,Diesel
262,262,Renault Duster 85,Renault,2013,489999.0,27000,Diesel
263,263,Renault Duster 85,Renault,2014,489999.0,59000,Diesel
264,264,Renault Duster 85,Renault,2015,549999.0,19000,Diesel
265,265,Maruti Suzuki Dzire,Maruti,2013,380000.0,30000,Petrol
266,266,Renault Kwid RXT,Renault,2018,325000.0,15000,Petrol
267,267,Maruti Suzuki Maruti,Maruti,2003,57000.0,56758,Petrol
268,268,Renault Kwid 1.0,Renault,2018,349999.0,10000,Petrol
269,269,Renault Lodgy 85,Renault,2018,689999.0,20000,Diesel
270,270,Renault Scala RxL,Renault,2014,349999.0,49000,Diesel
271,271,Hyundai Grand i10,Hyundai,2014,410000.0,41000,Petrol
272,272,Maruti Suzuki Swift,Maruti,2011,225000.0,45000,Petrol
273,273,Chevrolet Beat LS,Chevrolet,2010,120000.0,43000,Petrol
274,274,Tata Indigo eCS,Tata,2016,320000.0,175430,Diesel
275,275,Hyundai Santro Xing,Hyundai,2000,59000.0,56450,Petrol
276,276,Hyundai Fluidic Verna,Hyundai,2015,540000.0,38000,Diesel
277,277,Chevrolet Beat LS,Chevrolet,2010,80000.0,56000,Petrol
278,278,Mahindra Quanto C8,Mahindra,2013,340000.0,37000,Diesel
279,279,Fiat Petra ELX,Fiat,2008,75000.0,65000,Petrol
280,280,Chevrolet Beat LS,Chevrolet,2015,220000.0,32700,Petrol
281,281,Skoda Fabia 1.2L,Skoda,2011,159500.0,38200,Diesel
282,282,Ford EcoSport Titanium,Ford,2016,599000.0,30000,Diesel
283,283,Hyundai Accent GLX,Hyundai,2006,80000.0,56000,Petrol
284,284,Mahindra TUV300 T4,Mahindra,2016,675000.0,9000,Diesel
285,285,Mini Cooper S,Mini,2013,1891111.0,13000,Petrol
286,286,Mini Cooper S,Mini,2013,1891111.0,13000,Petrol
287,287,Tata Indica V2,Tata,2008,150000.0,11000,Petrol
288,288,Mini Cooper S,Mini,2013,1891111.0,13000,Petrol
289,289,Tata Indigo CS,Tata,2009,72500.0,46000,Diesel
290,290,Maruti Suzuki Swift,Maruti,2019,610000.0,73,Petrol
291,291,Mahindra Scorpio VLX,Mahindra,2004,230000.0,160000,Diesel
292,292,Honda Accord,Honda,2009,175000.0,58559,Petrol
293,293,Mahindra Scorpio S4,Mahindra,2015,855000.0,30000,Diesel
294,294,Chevrolet Tavera Neo,Chevrolet,2013,375000.0,55000,Diesel
295,295,Ford EcoSport Titanium,Ford,2014,520000.0,57000,Diesel
296,296,Maruti Suzuki Ertiga,Maruti,2015,524999.0,50000,Diesel
297,297,Honda Amaze,Honda,2014,299999.0,37000,Petrol
298,298,Maruti Suzuki Dzire,Maruti,2012,299999.0,40000,Petrol
299,299,Honda City,Honda,2011,284999.0,55000,Petrol
300,300,Mahindra Scorpio 2.6,Mahindra,2007,220000.0,170000,Diesel
301,301,Maruti Suzuki Dzire,Maruti,2014,424999.0,55000,Diesel
302,302,Honda City,Honda,2015,644999.0,39000,Petrol
303,303,Honda Mobilio,Honda,2014,399999.0,44000,Petrol
304,304,Toyota Corolla Altis,Toyota,2009,199999.0,65000,Petrol
305,305,Honda City,Honda,2014,584999.0,39000,Petrol
306,306,Skoda Laura,Skoda,2012,349999.0,44000,Diesel
307,307,Renault Duster,Renault,2015,449999.0,49000,Diesel
308,308,Maruti Suzuki Ertiga,Maruti,2018,799999.0,9000,Diesel
309,309,Maruti Suzuki Dzire,Maruti,2015,444999.0,45000,Diesel
310,310,Mahindra XUV500,Mahindra,2014,649999.0,47000,Diesel
311,311,Hyundai Verna Fluidic,Hyundai,2012,444999.0,40000,Diesel
312,312,Maruti Suzuki Vitara,Maruti,2016,689999.0,29000,Diesel
313,313,Maruti Suzuki Wagon,Maruti,2016,344999.0,15000,Petrol
314,314,Mahindra Scorpio,Mahindra,2015,944999.0,45000,Diesel
315,315,Honda Amaze,Honda,2014,274999.0,35000,Petrol
316,316,Mahindra XUV500,Mahindra,2013,689999.0,80000,Diesel
317,317,Mahindra Scorpio,Mahindra,2013,574999.0,68000,Diesel
318,318,Skoda Laura,Skoda,2013,374999.0,50000,Diesel
319,319,Volkswagen Polo,Volkswagen,2010,199999.0,60000,Diesel
320,320,Hyundai Elite i20,Hyundai,2016,549999.0,9000,Petrol
321,321,Tata Manza Aura,Tata,2012,130000.0,72000,Diesel
322,322,Chevrolet Sail UVA,Chevrolet,2013,210000.0,60000,Petrol
323,323,Renault Duster 110,Renault,2012,501000.0,38000,Diesel
324,324,Hyundai Verna Fluidic,Hyundai,2013,401000.0,45000,Diesel
325,325,Audi A4 2.0,Audi,2012,1350000.0,40000,Diesel
326,326,Hyundai Elantra SX,Hyundai,2013,600000.0,20000,Petrol
327,327,Mahindra Scorpio VLX,Mahindra,2013,610000.0,35000,Diesel
328,328,Mahindra KUV100 K8,Mahindra,2016,400000.0,20000,Diesel
329,329,Renault Scala RxL,Renault,2015,375000.0,25000,Diesel
330,330,Mahindra Quanto C8,Mahindra,2013,375000.0,20000,Diesel
331,331,Hyundai Grand i10,Hyundai,2014,365000.0,20000,Petrol
332,332,Hyundai i20 Active,Hyundai,2015,500000.0,18000,Petrol
333,333,Mahindra Xylo E4,Mahindra,2012,400000.0,35000,Diesel
334,334,Hyundai Grand i10,Hyundai,2017,524999.0,6821,Petrol
335,335,Hyundai i20,Hyundai,2014,449999.0,23000,Petrol
336,336,Hyundai Eon,Hyundai,2014,174999.0,14000,Petrol
337,337,Hyundai i10,Hyundai,2012,244999.0,38000,Petrol
338,338,Hyundai i20 Active,Hyundai,2015,574999.0,35000,Diesel
339,339,Datsun Redi GO,Datsun,2017,244999.0,22000,Petrol
340,340,Toyota Etios Liva,Toyota,2011,239999.0,41000,Petrol
341,341,Hyundai Accent,Hyundai,2010,99999.0,45000,Petrol
342,342,Hyundai Verna,Hyundai,2014,489999.0,44000,Diesel
343,343,Maruti Suzuki Swift,Maruti,2013,324999.0,45000,Diesel
344,344,Toyota Fortuner,Toyota,2011,1074999.0,52000,Diesel
345,345,Hyundai i10 Sportz,Hyundai,2012,230000.0,34000,Petrol
346,346,Mahindra Bolero Power,Mahindra,2018,699000.0,1800,Diesel
347,347,Mahindra XUV500,Mahindra,2015,1000000.0,15000,Diesel
348,348,Honda City 1.5,Honda,2010,240000.0,400000,Petrol
349,349,Chevrolet Spark LT,Chevrolet,2009,110000.0,44000,Petrol
350,350,Mahindra Jeep MM,Mahindra,2019,390000.0,60,Diesel
351,351,Renault Duster 110PS,Renault,2012,501000.0,35000,Diesel
352,352,Mahindra XUV500,Mahindra,2016,1130000.0,72000,Diesel
353,353,Tata Indigo eCS,Tata,2014,250000.0,40000,Diesel
354,354,Mahindra Bolero SLE,Mahindra,2013,330000.0,80200,Diesel
355,355,Force Motors Force,Force,2015,580000.0,3200,Diesel
356,356,Skoda Rapid Elegance,Skoda,2013,340000.0,48000,Diesel
357,357,Tata Vista Quadrajet,Tata,2011,120000.0,90000,Diesel
358,358,Maruti Suzuki Alto,Maruti,2015,265000.0,12000,Petrol
359,359,Maruti Suzuki SX4,Maruti,2012,265000.0,46000,Diesel
360,360,Maruti Suzuki Zen,Maruti,2003,85000.0,69900,Petrol
361,361,Mahindra Jeep CL550,Mahindra,2019,379000.0,0,Diesel
362,362,Hyundai i10 Magna,Hyundai,2011,175000.0,45000,Petrol
363,363,Maruti Suzuki Alto,Maruti,2015,219000.0,5000,Petrol
364,364,Maruti Suzuki Swift,Maruti,2016,350000.0,166000,Diesel
365,365,Honda City ZX,Honda,2008,149000.0,42000,Petrol
366,366,Mahindra Jeep CL550,Mahindra,2018,385000.0,588,Diesel
367,367,Mahindra Jeep MM,Mahindra,2006,425000.0,122,Diesel
368,368,Chevrolet Beat Diesel,Chevrolet,2017,150000.0,62000,Diesel
369,369,Honda City 1.5,Honda,2010,225000.0,70000,Petrol
370,370,Hyundai Verna 1.4,Hyundai,2014,375000.0,36000,Petrol
371,371,Toyota Innova 2.5,Toyota,2012,770000.0,0,Diesel
372,372,Maruti Suzuki Maruti,Maruti,1995,30000.0,55000,Petrol
373,373,Toyota Etios,Toyota,2011,275000.0,36000,Diesel
374,374,Volkswagen Polo,Volkswagen,2015,330000.0,38000,Diesel
375,375,Maruti Suzuki Swift,Maruti,2014,335000.0,55000,Diesel
376,376,Hyundai Elite i20,Hyundai,2015,450000.0,20000,Diesel
377,377,Maruti Suzuki Swift,Maruti,2012,225000.0,40000,Petrol
378,378,Maruti Suzuki Versa,Maruti,2004,80000.0,50000,Petrol
379,379,Tata Indigo LX,Tata,2016,130000.0,104000,Diesel
380,380,Volkswagen Vento Konekt,Volkswagen,2011,245000.0,65000,Diesel
381,381,Mercedes Benz C,Mercedes,2002,399000.0,41000,Petrol
382,382,Maruti Suzuki Ertiga,Maruti,2013,450000.0,90000,Diesel
383,383,Honda City,Honda,2000,65000.0,80000,Petrol
384,384,Hyundai Santro Xing,Hyundai,2006,75000.0,46000,Petrol
385,385,Maruti Suzuki Omni,Maruti,2001,70000.0,70000,Petrol
386,386,Hyundai Sonata Transform,Hyundai,2017,190000.0,36469,Diesel
387,387,Hyundai Elite i20,Hyundai,2018,600000.0,7800,Petrol
388,388,Volkswagen Vento Konekt,Volkswagen,2011,245000.0,65000,Diesel
389,389,Maruti Suzuki Alto,Maruti,2017,240000.0,60000,Petrol
390,390,Maruti Suzuki Alto,Maruti,2011,155000.0,32000,Petrol
391,391,Honda Jazz S,Honda,2009,169999.0,24695,Petrol
392,392,Hyundai Grand i10,Hyundai,2017,450000.0,15141,Petrol
393,393,Maruti Suzuki Zen,Maruti,2001,40000.0,40000,Petrol
394,394,Mahindra Scorpio W,Mahindra,2012,165000.0,65000,Diesel
395,395,Maruti Suzuki Alto,Maruti,2014,270000.0,22000,Petrol
396,396,Hyundai Grand i10,Hyundai,2016,280000.0,59910,Diesel
397,397,Mahindra XUV500 W8,Mahindra,2012,560000.0,100000,Diesel
398,398,Hyundai Creta 1.6,Hyundai,2016,950000.0,25000,Petrol
399,399,Hyundai i20 Magna,Hyundai,2013,310000.0,35000,Petrol
400,400,Renault Duster 85,Renault,2015,715000.0,65000,Diesel
401,401,Hyundai Grand i10,Hyundai,2014,340000.0,35000,Petrol
402,402,Honda Brio V,Honda,2012,235000.0,33000,Petrol
403,403,Mahindra TUV300 T4,Mahindra,2017,610000.0,68000,Diesel
404,404,Chevrolet Spark LS,Chevrolet,2010,95000.0,23000,Petrol
405,405,Mahindra TUV300 T8,Mahindra,2018,1000000.0,4500,Diesel
406,406,Maruti Suzuki Swift,Maruti,2015,220000.0,129000,Diesel
407,407,Nissan X Trail,Nissan,2019,1200000.0,300,Diesel
408,408,Maruti Suzuki Alto,Maruti,2015,230000.0,5000,Petrol
409,409,Ford Ikon 1.3,Ford,2001,45000.0,65000,Petrol
410,410,Toyota Fortuner 3.0,Toyota,2010,940000.0,131000,Diesel
411,411,Tata Manza ELAN,Tata,2010,155555.0,111111,Petrol
412,412,Mercedes Benz A,Mercedes,2013,1500000.0,14000,Petrol
413,413,Chevrolet Beat LS,Chevrolet,2016,210000.0,22000,Diesel
414,414,Ford EcoSport Trend,Ford,2013,495000.0,38000,Diesel
415,415,Tata Indigo LS,Tata,2016,125000.0,70000,Diesel
416,416,Hyundai i20 Magna,Hyundai,2010,195000.0,36000,Petrol
417,417,Volkswagen Vento Highline,Volkswagen,2015,550000.0,34000,Diesel
418,418,Renault Kwid RXT,Renault,2015,270000.0,43000,Petrol
419,419,Ford EcoSport Titanium,Ford,2014,500000.0,40000,Diesel
420,420,Honda Amaze 1.5,Honda,2016,240000.0,160000,Diesel
421,421,Hyundai Verna 1.6,Hyundai,2017,800000.0,12000,Petrol
422,422,BMW 5 Series,BMW,2011,1299000.0,49000,Diesel
423,423,Skoda Superb 1.8,Skoda,2011,530000.0,68000,Petrol
424,424,Audi Q3 2.0,Audi,2013,1499000.0,37000,Diesel
425,425,Mahindra Bolero DI,Mahindra,2012,220000.0,59466,Diesel
426,426,Mahindra Scorpio S10,Mahindra,2015,900000.0,97200,Diesel
427,427,Ford Figo Duratorq,Ford,2012,250000.0,99000,Diesel
428,428,Maruti Suzuki Wagon,Maruti,2018,395000.0,25500,Petrol
429,429,Mahindra Logan Diesel,Mahindra,2009,130000.0,66000,Petrol
430,430,Tata Nano GenX,Tata,2010,32000.0,44005,Petrol
431,431,Mahindra TUV300 T4,Mahindra,2016,540000.0,35000,Diesel
432,432,Mahindra TUV300 T4,Mahindra,2016,540000.0,35000,Diesel
433,433,Hyundai Elite i20,Hyundai,2015,405000.0,28000,Petrol
434,434,Hyundai Elite i20,Hyundai,2015,400000.0,30000,Petrol
435,435,Honda City SV,Honda,2017,760000.0,4000,Petrol
436,436,Maruti Suzuki Baleno,Maruti,2016,500000.0,28000,Petrol
437,437,Ford Figo Petrol,Ford,2011,175000.0,75000,Petrol
438,438,Mahindra Scorpio S10,Mahindra,2015,900000.0,97200,Diesel
439,439,Honda City,Honda,2017,750000.0,3000,Petrol
440,440,Hyundai Elite i20,Hyundai,2015,419000.0,20000,Petrol
441,441,Maruti Suzuki Versa,Maruti,2004,90000.0,50000,Petrol
442,442,Hyundai Eon Era,Hyundai,2018,140000.0,2110,Petrol
443,443,Mitsubishi Pajero Sport,Mitsubishi,2015,1540000.0,43222,Petrol
444,444,Hyundai i10 Magna,Hyundai,2008,275000.0,100200,Petrol
445,445,Toyota Corolla H2,Toyota,2003,150000.0,100000,Petrol
446,446,Maruti Suzuki Swift,Maruti,2011,230000.0,65,Petrol
447,447,Tata Indigo CS,Tata,2015,123000.0,100000,Diesel
448,448,Mahindra Scorpio S10,Mahindra,2015,900000.0,97200,Diesel
449,449,Mahindra Scorpio S10,Mahindra,2015,900000.0,97200,Diesel
450,450,Hyundai Xcent Base,Hyundai,2016,300000.0,140000,Diesel
451,451,Honda City,Honda,2015,499999.0,55000,Petrol
452,452,Hyundai Accent Executive,Hyundai,2009,165000.0,48000,Petrol
453,453,Maruti Suzuki Baleno,Maruti,2016,498000.0,22000,Petrol
454,454,Tata Zest XE,Tata,2018,480000.0,103553,Diesel
455,455,Maruti Suzuki Dzire,Maruti,2017,488000.0,80000,Diesel
456,456,Tata Sumo Gold,Tata,2014,250000.0,99000,Diesel
457,457,Toyota Corolla Altis,Toyota,2010,220000.0,58000,Petrol
458,458,Maruti Suzuki Eeco,Maruti,2013,290000.0,70000,LPG
459,459,Toyota Fortuner 3.0,Toyota,2015,1525000.0,120000,Diesel
460,460,Mahindra XUV500 W6,Mahindra,2013,548900.0,49800,Diesel
461,461,Tata Tigor Revotron,Tata,2019,650000.0,100,Diesel
462,462,Maruti Suzuki 800,Maruti,2001,55000.0,81876,Petrol
463,463,Maruti Suzuki Ertiga,Maruti,2015,550000.0,75000,Petrol
464,464,Maruti Suzuki Versa,Maruti,2004,90000.0,50000,Petrol
465,465,Honda Mobilio S,Honda,2014,399000.0,44000,Diesel
466,466,Maruti Suzuki Ertiga,Maruti,2016,730000.0,55000,Diesel
467,467,Maruti Suzuki Vitara,Maruti,2017,725000.0,36000,Diesel
468,468,Hyundai Verna 1.6,Hyundai,2016,195000.0,56000,Diesel
469,469,Maruti Suzuki Swift,Maruti,2007,130000.0,62000,Petrol
470,470,Toyota Fortuner 3.0,Toyota,2015,1525000.0,120000,Diesel
471,471,Maruti Suzuki Omni,Maruti,2014,190000.0,6020,Petrol
472,472,Honda Amaze,Honda,2013,250000.0,55700,Diesel
473,473,Tata Indica,Tata,2005,80000.0,42000,Petrol
474,474,Hyundai Santro Xing,Hyundai,2003,120000.0,50000,Petrol
475,475,Maruti Suzuki Zen,Maruti,2010,149000.0,35000,Petrol
476,476,Maruti Suzuki Wagon,Maruti,2014,250000.0,18500,Petrol
477,477,Maruti Suzuki Wagon,Maruti,2007,120000.0,7000,Petrol
478,478,Honda Brio VX,Honda,2017,450000.0,11000,Petrol
479,479,Maruti Suzuki Zen,Maruti,2003,99999.0,53000,Petrol
480,480,Maruti Suzuki Zen,Maruti,2008,135000.0,23000,Petrol
481,481,Maruti Suzuki Wagon,Maruti,2016,225000.0,35500,Diesel
482,482,Maruti Suzuki Alto,Maruti,2010,99000.0,22134,Petrol
483,483,Renault Kwid RXT,Renault,2019,370000.0,1000,Petrol
484,484,Tata Nano Lx,Tata,2010,52000.0,9000,Petrol
485,485,Jaguar XE XE,Jaguar,2016,2800000.0,8500,Petrol
486,486,Hyundai Eon Magna,Hyundai,2014,190000.0,35000,Petrol
487,487,Honda City 1.5,Honda,2014,499000.0,22000,Petrol
488,488,Hindustan Motors Ambassador,Hindustan,2002,90000.0,25000,Diesel
489,489,Maruti Suzuki Ritz,Maruti,2010,149000.0,40000,Petrol
490,490,Hyundai Grand i10,Hyundai,2017,400000.0,20000,Petrol
491,491,Hyundai Eon D,Hyundai,2016,120000.0,87000,Petrol
492,492,Maruti Suzuki Swift,Maruti,2015,250000.0,55000,Petrol
493,493,Maruti Suzuki Wagon,Maruti,2017,375000.0,23000,Petrol
494,494,Honda Amaze 1.2,Honda,2014,381000.0,6000,Petrol
495,495,Maruti Suzuki Estilo,Maruti,2013,180000.0,65000,Petrol
496,496,Maruti Suzuki Vitara,Maruti,2016,580000.0,25000,Diesel
497,497,Maruti Suzuki Eeco,Maruti,2015,278000.0,39000,Petrol
498,498,Hyundai Creta 1.6,Hyundai,2016,1000000.0,8000,Petrol
499,499,Mahindra Scorpio Vlx,Mahindra,2013,690000.0,75000,Diesel
500,500,Maruti Suzuki Ertiga,Maruti,2012,480000.0,51000,Diesel
501,501,Mitsubishi Lancer 1.8,Mitsubishi,2006,85000.0,50000,Petrol
502,502,Maruti Suzuki Maruti,Maruti,2001,40000.0,75000,Petrol
503,503,Maruti Suzuki Alto,Maruti,2015,90000.0,55800,Petrol
504,504,Hyundai Grand i10,Hyundai,2015,340000.0,53000,Petrol
505,505,Hyundai Eon D,Hyundai,2018,260000.0,25000,Petrol
506,506,Ford Fiesta SXi,Ford,2009,250000.0,56400,Petrol
507,507,Maruti Suzuki Ritz,Maruti,2010,180000.0,72160,Diesel
508,508,Hyundai Verna Fluidic,Hyundai,2012,350000.0,10000,Diesel
509,509,Maruti Suzuki Wagon,Maruti,2006,90001.0,48000,Petrol
510,510,Maruti Suzuki Estilo,Maruti,2007,115000.0,36000,Petrol
511,511,Audi A6 2.0,Audi,2012,1599000.0,11500,Diesel
512,512,Maruti Suzuki Wagon,Maruti,2003,130000.0,133000,Petrol
513,513,Maruti Suzuki Wagon,Maruti,2009,159000.0,27000,Petrol
514,514,Maruti Suzuki Wagon,Maruti,2009,160000.0,35000,Petrol
515,515,Maruti Suzuki Alto,Maruti,2010,110000.0,55000,Petrol
516,516,Maruti Suzuki Baleno,Maruti,2016,425000.0,40000,Petrol
517,517,Hyundai Verna 1.6,Hyundai,2019,900000.0,2000,Petrol
518,518,Maruti Suzuki Swift,Maruti,2009,150000.0,45000,Petrol
519,519,Hyundai Getz Prime,Hyundai,2009,110000.0,20000,Petrol
520,520,Hyundai Santro,Hyundai,2000,51999.0,88000,Petrol
521,521,Hyundai Getz Prime,Hyundai,2009,115000.0,20000,Petrol
522,522,Chevrolet Beat PS,Chevrolet,2012,215000.0,65422,Diesel
523,523,Ford EcoSport Trend,Ford,2017,580000.0,10000,Petrol
524,524,Maruti Suzuki Dzire,Maruti,2013,380000.0,35000,Petrol
525,525,Hyundai Fluidic Verna,Hyundai,2013,350000.0,117000,Diesel
526,526,Tata Indica V2,Tata,2005,35000.0,150000,Diesel
527,527,BMW X1 xDrive20d,BMW,2011,1150000.0,72000,Diesel
528,528,Hyundai i20 Asta,Hyundai,2010,300000.0,10750,Petrol
529,529,Honda City 1.5,Honda,2009,269000.0,55000,Petrol
530,530,Tata Nano,Tata,2013,60000.0,6800,Petrol
531,531,Chevrolet Cruze LTZ,Chevrolet,2014,400000.0,41000,Diesel
532,532,Hyundai Verna Fluidic,Hyundai,2015,430000.0,73000,Diesel
533,533,Maruti Suzuki Swift,Maruti,2011,140000.0,65000,Diesel
534,534,Mahindra XUV500 W6,Mahindra,2014,8500003.0,45000,Diesel
535,535,Mahindra XUV500 W10,Mahindra,2018,1299000.0,40000,Diesel
536,536,Maruti Suzuki Alto,Maruti,2014,199000.0,37000,Petrol
537,537,Hyundai Accent GLE,Hyundai,2006,90000.0,55000,Petrol
538,538,Force Motors One,Force,2013,550000.0,140000,Diesel
539,539,Maruti Suzuki Alto,Maruti,2019,265000.0,9800,Petrol
540,540,Chevrolet Spark 1.0,Chevrolet,2011,100000.0,27000,Petrol
541,541,Hyundai i10,Hyundai,2009,215000.0,27000,Petrol
542,542,Toyota Etios Liva,Toyota,2012,380000.0,20000,Diesel
543,543,Renault Duster 85PS,Renault,2013,401919.0,57923,Diesel
544,544,Chevrolet Enjoy,Chevrolet,2014,490000.0,30201,Diesel
545,545,Maruti Suzuki Alto,Maruti,2017,280000.0,6200,Petrol
546,546,BMW 5 Series,BMW,2009,650000.0,37518,Petrol
547,547,Toyota Etios Liva,Toyota,2014,160000.0,24652,Petrol
548,548,Mahindra Jeep MM,Mahindra,2004,424000.0,383,Diesel
549,549,Chevrolet Beat LS,Chevrolet,2016,225000.0,95000,Diesel
550,550,Chevrolet Cruze LTZ,Chevrolet,2011,350000.0,35000,Diesel
551,551,Jeep Wrangler Unlimited,Jeep,2015,950000.0,3528,Diesel
552,552,Maruti Suzuki Ertiga,Maruti,2013,485000.0,52500,Diesel
553,553,Hyundai Verna VGT,Hyundai,2010,205000.0,47900,Diesel
554,554,Maruti Suzuki Omni,Maruti,2012,160000.0,14000,Petrol
555,555,Maruti Suzuki Celerio,Maruti,2018,310000.0,37000,Petrol
556,556,Tata Zest Quadrajet,Tata,2017,180000.0,90000,Diesel
557,557,Mahindra XUV500 W6,Mahindra,2013,549900.0,52800,Diesel
558,558,Tata Indigo CS,Tata,2016,150000.0,104000,Diesel
559,559,Hyundai i10 Era,Hyundai,2011,175000.0,30000,Petrol
560,560,Tata Indigo eCS,Tata,2014,95000.0,195000,Diesel
561,561,Tata Indigo LX,Tata,2016,230000.0,104000,Diesel
562,562,Tata Indigo eCS,Tata,2016,230000.0,104000,Diesel
563,563,Tata Indigo Marina,Tata,2004,180000.0,70000,Diesel
564,564,Hyundai Xcent SX,Hyundai,2015,400000.0,43000,Diesel
565,565,Hyundai Eon Magna,Hyundai,2013,185000.0,23000,Petrol
566,566,Renault Duster 85,Renault,2015,385000.0,51000,Diesel
567,567,Maruti Suzuki Alto,Maruti,2009,90000.0,62000,Petrol
568,568,Tata Nano LX,Tata,2010,32000.0,48008,Petrol
569,569,Renault Duster 110,Renault,2013,435000.0,39000,Diesel
570,570,Maruti Suzuki Wagon,Maruti,2010,225000.0,40000,Petrol
571,571,Maruti Suzuki Swift,Maruti,2006,189700.0,48247,Petrol
572,572,Maruti Suzuki Ertiga,Maruti,2012,389700.0,39000,Diesel
573,573,Maruti Suzuki Swift,Maruti,2014,365000.0,23000,Petrol
574,574,Maruti Suzuki Alto,Maruti,2017,360000.0,9400,Petrol
575,575,Hyundai i20 Magna,Hyundai,2010,210000.0,50000,Petrol
576,576,Hyundai i10 Magna,Hyundai,2009,170000.0,75000,Petrol
577,577,Tata Zest XE,Tata,2017,380000.0,70000,Diesel
578,578,Mahindra Xylo E8,Mahindra,2009,295000.0,64000,Diesel
579,579,Toyota Corolla Altis,Toyota,2010,185000.0,55000,Petrol
580,580,Tata Manza Aqua,Tata,2014,160000.0,200000,Diesel
581,581,Renault Kwid 1.0,Renault,2018,290000.0,2137,Petrol
582,582,Tata Venture EX,Tata,2013,100000.0,30000,Diesel
583,583,Maruti Suzuki Swift,Maruti,2014,315000.0,44000,Petrol
584,584,Skoda Octavia Classic,Skoda,2006,114990.0,65000,Diesel
585,585,Maruti Suzuki Omni,Maruti,2012,120000.0,160000,LPG
586,586,Chevrolet Beat Diesel,Chevrolet,2011,125000.0,56000,Diesel
587,587,Tata Sumo Gold,Tata,2012,210000.0,75000,Diesel
588,588,Hyundai Verna 1.6,Hyundai,2018,855000.0,42000,Diesel
589,589,Tata Sumo Gold,Tata,2012,210000.0,75000,Diesel
590,590,Mahindra Scorpio 2.6,Mahindra,2007,260000.0,56000,Diesel
591,591,Maruti Suzuki Zen,Maruti,2002,95000.0,10544,Petrol
592,592,Maruti Suzuki Swift,Maruti,2011,255000.0,64000,Petrol
593,593,Mahindra Scorpio SLX,Mahindra,2008,300000.0,70000,Diesel
594,594,Hyundai Grand i10,Hyundai,2014,340000.0,25000,Petrol
595,595,Hyundai Elite i20,Hyundai,2017,550000.0,15000,Petrol
596,596,Ford Ikon 1.6,Ford,2003,60000.0,50000,Petrol
597,597,Toyota Innova 2.5,Toyota,2011,750000.0,147000,Diesel
598,598,Nissan Sunny XL,Nissan,2011,230000.0,52000,Petrol
599,599,Chevrolet Beat LT,Chevrolet,2012,130000.0,90001,Diesel
600,600,Maruti Suzuki Alto,Maruti,2017,270000.0,21000,Petrol
601,601,Maruti Suzuki Swift,Maruti,2012,280000.0,48006,Diesel
602,602,Maruti Suzuki Swift,Maruti,2012,280000.0,48006,Diesel
603,603,Maruti Suzuki Swift,Maruti,2012,280000.0,48006,Diesel
604,604,Toyota Innova 2.0,Toyota,2012,600000.0,80000,Diesel
605,605,Maruti Suzuki Swift,Maruti,2010,190000.0,74000,Diesel
606,606,Hyundai Elite i20,Hyundai,2015,500000.0,22000,Petrol
607,607,Mahindra XUV500 W10,Mahindra,2016,1065000.0,41000,Diesel
608,608,Volkswagen Polo Trendline,Volkswagen,2015,350000.0,25000,Diesel
609,609,Toyota Etios Liva,Toyota,2012,350000.0,85000,Diesel
610,610,Mahindra TUV300 T4,Mahindra,2016,540000.0,29500,Diesel
611,611,Hyundai Elite i20,Hyundai,2015,470000.0,30000,Petrol
612,612,Hyundai Santro Xing,Hyundai,2014,179000.0,57000,Petrol
613,613,Maruti Suzuki Zen,Maruti,2003,48000.0,60000,Petrol
614,614,Maruti Suzuki Ciaz,Maruti,2016,650000.0,50000,Petrol
615,615,Hyundai Eon Era,Hyundai,2013,190000.0,39700,Petrol
616,616,Hyundai Elantra 1.8,Hyundai,2012,500000.0,65000,Petrol
617,617,Maruti Suzuki Swift,Maruti,2010,270000.0,67000,Diesel
618,618,Maruti Suzuki Zen,Maruti,2008,125000.0,46000,Petrol
619,619,Hyundai Eon Era,Hyundai,2012,188000.0,38000,Petrol
620,620,Hyundai Grand i10,Hyundai,2016,380000.0,27000,Petrol
621,621,Hyundai Verna Fluidic,Hyundai,2011,365000.0,43000,Diesel
622,622,Ford EcoSport Trend,Ford,2014,465000.0,47000,Petrol
623,623,Hyundai i20 Magna,Hyundai,2011,240000.0,42000,Petrol
624,624,Chevrolet Beat Diesel,Chevrolet,2016,179999.0,19336,Diesel
625,625,Tata Indica eV2,Tata,2015,140000.0,60105,Diesel
626,626,Jaguar XF 2.2,Jaguar,2013,2190000.0,29000,Diesel
627,627,Audi Q5 2.0,Audi,2014,2390000.0,34000,Diesel
628,628,BMW 3 Series,BMW,2011,1075000.0,35000,Diesel
629,629,Maruti Suzuki Swift,Maruti,2015,475000.0,22000,Petrol
630,630,BMW X1 sDrive20d,BMW,2012,1025000.0,41000,Diesel
631,631,Maruti Suzuki S,Maruti,2016,615000.0,21000,Diesel
632,632,Maruti Suzuki Ertiga,Maruti,2013,475000.0,48000,Diesel
633,633,Maruti Suzuki Alto,Maruti,2016,270000.0,38000,Petrol
634,634,Honda City SV,Honda,2014,475000.0,34000,Diesel
635,635,Volkswagen Vento Comfortline,Volkswagen,2011,240000.0,45933,Petrol
636,636,Honda City 1.5,Honda,2005,120000.0,68000,Petrol
637,637,Audi A4 2.0,Audi,2016,1900000.0,44000,Diesel
638,638,Mahindra KUV100,Mahindra,2017,360000.0,35000,Diesel
639,639,Tata Zest XE,Tata,2018,450000.0,102563,Diesel
640,640,Mahindra XUV500 W8,Mahindra,2015,900000.0,28600,Diesel
641,641,Maruti Suzuki Swift,Maruti,2017,650000.0,41800,Diesel
642,642,Tata Sumo Gold,Tata,2014,275000.0,116000,Diesel
643,643,Maruti Suzuki Swift,Maruti,2009,210000.0,59000,Petrol
644,644,Mahindra Scorpio 2.6,Mahindra,2004,175000.0,58000,Diesel
645,645,Maruti Suzuki Omni,Maruti,2009,85000.0,45000,Petrol
646,646,Mitsubishi Pajero Sport,Mitsubishi,2015,1490000.0,42590,Diesel
647,647,Renault Duster,Renault,2014,800000.0,7400,Diesel
648,648,Volkswagen Jetta Comfortline,Volkswagen,2009,450000.0,54500,Diesel
649,649,Maruti Suzuki Ertiga,Maruti,2012,1000000.0,200000,Diesel
650,650,Audi A4 2.0,Audi,2013,1510000.0,27000,Diesel
651,651,Volvo S80 Summum,Volvo,2015,1850000.0,42000,Diesel
652,652,Toyota Corolla Altis,Toyota,2014,790000.0,29000,Petrol
653,653,Mitsubishi Pajero Sport,Mitsubishi,2015,1725000.0,37000,Diesel
654,654,Chevrolet Beat LT,Chevrolet,2012,135000.0,36000,Petrol
655,655,BMW X1,BMW,2011,1000000.0,34000,Diesel
656,656,Datsun Redi GO,Datsun,2018,299999.0,7000,Petrol
657,657,Mercedes Benz C,Mercedes,2009,1225000.0,76000,Diesel
658,658,Mahindra Scorpio SLX,Mahindra,2004,175000.0,60000,Diesel
659,659,Volkswagen Vento Comfortline,Volkswagen,2011,200000.0,95000,Diesel
660,660,Tata Indigo CS,Tata,2017,270000.0,50000,Diesel
661,661,Ford Figo Petrol,Ford,2019,525000.0,0,Petrol
662,662,Honda City ZX,Honda,2006,180000.0,50000,Petrol
663,663,Maruti Suzuki Wagon,Maruti,2008,140000.0,68000,Petrol
664,664,Ford EcoSport Trend,Ford,2014,400000.0,16000,Petrol
665,665,Maruti Suzuki Swift,Maruti,2016,499000.0,51000,Diesel
666,666,Maruti Suzuki Omni,Maruti,2009,85000.0,56000,Petrol
667,667,Maruti Suzuki Zen,Maruti,2004,70000.0,100000,Petrol
668,668,Renault Duster RxL,Renault,2015,550000.0,36000,Petrol
669,669,Maruti Suzuki Swift,Maruti,2014,370000.0,11523,Petrol
670,670,Maruti Suzuki Baleno,Maruti,2018,690000.0,1000,Petrol
671,671,Honda WR V,Honda,2009,250000.0,60000,Petrol
672,672,Tata Indigo CS,Tata,2016,110000.0,85000,Diesel
673,673,Renault Duster 110,Renault,2013,490000.0,38600,Diesel
674,674,Mahindra Scorpio LX,Mahindra,2009,320000.0,95500,Diesel
675,675,Maruti Suzuki Zen,Maruti,2004,68000.0,56000,Petrol
676,676,Maruti Suzuki Wagon,Maruti,2014,130000.0,37458,Petrol
677,677,Maruti Suzuki SX4,Maruti,2016,970000.0,85960,Diesel
678,678,Audi A3 Cabriolet,Audi,2015,3100000.0,12516,Petrol
679,679,Hyundai Eon D,Hyundai,2018,280000.0,35000,Petrol
680,680,Maruti Suzuki Zen,Maruti,2009,125000.0,0,Petrol
681,681,Mahindra Scorpio SLX,Mahindra,2008,285000.0,80000,Diesel
682,682,Hyundai Santro AE,Hyundai,2011,165000.0,45000,Petrol
683,683,Maruti Suzuki Swift,Maruti,2009,250000.0,51000,Diesel
684,684,Mahindra Scorpio S4,Mahindra,2015,865000.0,30000,Diesel
685,685,Mahindra Xylo D2,Mahindra,2011,390000.0,48000,Diesel
686,686,Hyundai Santro,Hyundai,2003,60000.0,51000,Petrol
687,687,Chevrolet Beat LT,Chevrolet,2015,215000.0,90000,Diesel
688,688,Maruti Suzuki Swift,Maruti,2015,475000.0,43000,Diesel
689,689,Mahindra XUV500 W8,Mahindra,2015,899000.0,53000,Diesel
690,690,Toyota Fortuner 3.0,Toyota,2013,1499000.0,97000,Diesel
691,691,Maruti Suzuki Alto,Maruti,2013,240000.0,20000,Petrol
692,692,Hyundai Getz GLE,Hyundai,2007,99000.0,55000,Petrol
693,693,Maruti Suzuki Swift,Maruti,2014,260000.0,120000,Diesel
694,694,Hyundai Creta 1.6,Hyundai,2019,1200000.0,0,Petrol
695,695,Hyundai Santro Xing,Hyundai,2007,115000.0,46000,Petrol
696,696,Hyundai Santro Xing,Hyundai,2009,88000.0,43200,Petrol
697,697,Mahindra Xylo D2,Mahindra,2011,390000.0,56000,Diesel
698,698,Hyundai Santro Xing,Hyundai,2007,135000.0,42000,Petrol
699,699,Tata Indica V2,Tata,2009,90000.0,30600,Diesel
700,700,Hyundai i10 Sportz,Hyundai,2011,220000.0,38000,Petrol
701,701,Hyundai Grand i10,Hyundai,2017,424999.0,2550,Petrol
702,702,Hyundai Santro Xing,Hyundai,2007,135000.0,47000,Petrol
703,703,Honda City 1.5,Honda,2005,95000.0,41000,Petrol
704,704,Nissan Micra XL,Nissan,2017,430000.0,62500,Diesel
705,705,Honda City 1.5,Honda,2005,115000.0,68000,Petrol
706,706,Maruti Suzuki Alto,Maruti,2015,215000.0,50000,Petrol
707,707,Maruti Suzuki Wagon,Maruti,2004,53000.0,69000,Petrol
708,708,Maruti Suzuki Ertiga,Maruti,2012,500000.0,48000,Diesel
709,709,Tata Indica eV2,Tata,2012,85000.0,55000,Diesel
710,710,Maruti Suzuki Omni,Maruti,2013,165000.0,25000,Petrol
711,711,Hyundai Eon Era,Hyundai,2014,200000.0,28400,Petrol
712,712,Hyundai Eon,Hyundai,2014,200000.0,28000,Petrol
713,713,Maruti Suzuki Swift,Maruti,2015,425000.0,42000,Diesel
714,714,Hyundai Verna 1.6,Hyundai,2012,600000.0,29000,Diesel
715,715,Chevrolet Tavera LS,Chevrolet,2005,130000.0,68485,Diesel
716,716,Tata Tiago Revotron,Tata,2018,430000.0,3500,Petrol
717,717,Tata Tiago Revotorq,Tata,2019,568500.0,0,Petrol
718,718,Maruti Suzuki Zen,Maruti,2006,71000.0,32000,Petrol
719,719,Mahindra KUV100 K8,Mahindra,2018,560000.0,8000,Diesel
720,720,Ford EcoSport Titanium,Ford,2014,590000.0,34000,Diesel
721,721,Hindustan Motors Ambassador,Hindustan,1995,750000.0,37000,Petrol
722,722,Ford Fusion 1.4,Ford,2007,125000.0,85455,Diesel
723,723,Hyundai Santro Xing,Hyundai,2007,135000.0,46000,Petrol
724,724,Hyundai Santro,Hyundai,2002,60000.0,47000,Petrol
725,725,Fiat Linea Emotion,Fiat,2009,120000.0,64000,Petrol
726,726,Ford Ikon 1.3,Ford,2008,95000.0,46000,Petrol
727,727,Maruti Suzuki Omni,Maruti,2017,240000.0,8000,Petrol
728,728,Tata Indica V2,Tata,2012,115000.0,64000,Diesel
729,729,Mahindra Scorpio S4,Mahindra,2015,795000.0,63000,Diesel
730,730,Hyundai Santro Xing,Hyundai,2007,55000.0,65000,Petrol
731,731,Mahindra Xylo D2,Mahindra,2009,300000.0,62000,Diesel
732,732,Hyundai Grand i10,Hyundai,2014,320000.0,41000,Petrol
733,733,Maruti Suzuki Alto,Maruti,2015,265000.0,14000,Petrol
734,734,Toyota Corolla,Toyota,2006,160000.0,40000,Petrol
735,735,Hyundai Eon Magna,Hyundai,2017,300000.0,1600,Petrol
736,736,Tata Sumo Grande,Tata,2010,130000.0,90000,Diesel
737,737,Maruti Suzuki Swift,Maruti,2011,250000.0,58000,Diesel
738,738,Volkswagen Polo Highline1.2L,Volkswagen,2013,380000.0,27000,Petrol
739,739,Maruti Suzuki Alto,Maruti,2003,42000.0,60000,Petrol
740,740,Tata Tiago Revotron,Tata,2017,400000.0,31000,Petrol
741,741,Maruti Suzuki Swift,Maruti,2009,120000.0,90000,Diesel
742,742,Maruti Suzuki Swift,Maruti,2009,120000.0,90000,Diesel
743,743,Tata Indigo eCS,Tata,2016,130000.0,150000,Diesel
744,744,Chevrolet Beat LS,Chevrolet,2014,189000.0,31000,Diesel
745,745,Mahindra Xylo E8,Mahindra,2011,365000.0,43000,Diesel
746,746,Hyundai Eon D,Hyundai,2013,170000.0,20000,Petrol
747,747,Tata Sumo Gold,Tata,2013,215000.0,100000,Petrol
748,748,Tata Nano,Tata,2013,60000.0,7000,Petrol
749,749,Hyundai Elite i20,Hyundai,2017,599999.0,31000,Petrol
750,750,Hyundai i10 Magna,Hyundai,2009,400000.0,33000,Petrol
751,751,Hyundai Creta,Hyundai,2016,900000.0,60000,Diesel
752,752,Volkswagen Polo,Volkswagen,2013,299999.0,48000,Diesel
753,753,Maruti Suzuki Dzire,Maruti,2014,374999.0,33000,Petrol
754,754,Tata Bolt XM,Tata,2015,600000.0,15000,Petrol
755,755,Maruti Suzuki Alto,Maruti,2005,70000.0,47000,Petrol
756,756,Maruti Suzuki Alto,Maruti,2005,100000.0,40000,Petrol
757,757,Maruti Suzuki Ritz,Maruti,2010,150000.0,38000,Diesel
758,758,Maruti Suzuki Alto,Maruti,2017,225000.0,12500,Petrol
759,759,Maruti Suzuki Dzire,Maruti,2009,210000.0,42000,Petrol
760,760,Hyundai i20 Asta,Hyundai,2014,425000.0,31000,Petrol
761,761,Maruti Suzuki Swift,Maruti,2008,162000.0,60000,Diesel
762,762,Tata Indica V2,Tata,2005,60000.0,80000,Diesel
763,763,Mahindra Scorpio VLX,Mahindra,2014,650000.0,77000,Diesel
764,764,Toyota Innova 2.5,Toyota,2012,750000.0,75000,Diesel
765,765,Mahindra Xylo E8,Mahindra,2010,375000.0,40000,Diesel
766,766,Hyundai i20 Magna,Hyundai,2011,230000.0,47000,Petrol
767,767,Maruti Suzuki Omni,Maruti,2000,35999.0,60000,Petrol
768,768,Mahindra KUV100,Mahindra,2016,380000.0,26500,Petrol
769,769,Mahindra KUV100 K8,Mahindra,2019,560000.0,2875,Petrol
770,770,Datsun Go Plus,Datsun,2016,285000.0,13900,Petrol
771,771,Ford Endeavor 4x4,Ford,2019,2900000.0,9000,Diesel
772,772,Tata Indica V2,Tata,2005,39999.0,80000,Diesel
773,773,Hyundai Santro Xing,Hyundai,2006,85000.0,60000,Petrol
774,774,Maruti Suzuki Wagon,Maruti,2016,395000.0,20000,Petrol
775,775,Maruti Suzuki Swift,Maruti,2008,175000.0,58000,Diesel
776,776,Maruti Suzuki Alto,Maruti,2019,400000.0,1500,Petrol
777,777,Toyota Innova 2.5,Toyota,2011,750000.0,75000,Diesel
778,778,Maruti Suzuki Alto,Maruti,2016,250000.0,2450,Petrol
779,779,Maruti Suzuki Alto,Maruti,2019,425000.0,1625,Petrol
780,780,Volkswagen Polo Highline1.2L,Volkswagen,2017,525000.0,45000,Petrol
781,781,Mahindra Logan,Mahindra,2009,130000.0,65000,Diesel
782,782,Maruti Suzuki 800,Maruti,2000,30000.0,33400,Petrol
783,783,Mahindra Scorpio,Mahindra,2011,475000.0,60123,Diesel
784,784,Chevrolet Sail 1.2,Chevrolet,2013,300000.0,28000,Petrol
785,785,Hyundai Santro AE,Hyundai,2003,60000.0,70000,Petrol
786,786,Maruti Suzuki Wagon,Maruti,2006,100000.0,7000,Petrol
787,787,Hyundai Eon,Hyundai,2018,260000.0,25000,Petrol
788,788,Tata Manza,Tata,2015,100000.0,100000,Diesel
789,789,Toyota Etios G,Toyota,2013,265000.0,42000,Petrol
790,790,Hyundai Getz Prime,Hyundai,2009,115000.0,20000,Petrol
791,791,Toyota Qualis,Toyota,2003,180000.0,100000,Diesel
792,792,Hyundai Santro Xing,Hyundai,2004,45000.0,137495,Petrol
793,793,Tata Indica eV2,Tata,2016,50500.0,91200,Diesel
794,794,Honda City 1.5,Honda,2009,270000.0,55000,Petrol
795,795,Tata Zest XE,Tata,2017,290000.0,120000,Diesel
796,796,Mahindra Quanto C4,Mahindra,2013,325000.0,63000,Diesel
797,797,Tata Indigo eCS,Tata,2016,160000.0,104000,Diesel
798,798,Maruti Suzuki Swift,Maruti,2016,350000.0,146000,Diesel
799,799,Hyundai Elite i20,Hyundai,2011,290000.0,40000,Petrol
800,800,Hyundai i20 Select,Hyundai,2011,290000.0,40000,Petrol
801,801,Chevrolet Tavera Neo,Chevrolet,2007,465000.0,100800,Diesel
802,802,Maruti Suzuki Dzire,Maruti,2016,325000.0,150000,Diesel
803,803,Hyundai Elite i20,Hyundai,2018,510000.0,2100,Petrol
804,804,Honda City VX,Honda,2016,860000.0,95000,Petrol
805,805,Maruti Suzuki Dzire,Maruti,2016,450000.0,2500,Diesel
806,806,Hyundai Getz,Hyundai,2006,125000.0,80000,Petrol
807,807,Mercedes Benz C,Mercedes,2006,500001.0,15000,Petrol
808,808,Maruti Suzuki Alto,Maruti,2005,95000.0,65000,Petrol
809,809,Maruti Suzuki Swift,Maruti,2009,250000.0,51000,Diesel
810,810,Skoda Fabia,Skoda,2009,110000.0,45000,Petrol
811,811,Maruti Suzuki Ritz,Maruti,2011,270000.0,50000,Petrol
812,812,Tata Indica V2,Tata,2009,110000.0,30000,Diesel
813,813,Toyota Corolla Altis,Toyota,2009,300000.0,132000,Petrol
814,814,Tata Zest XM,Tata,2018,260000.0,27000,Diesel
815,815,Mahindra Quanto C8,Mahindra,2013,390000.0,40000,Diesel
816,816,Toyota Wigo,Toyota,2022,767528.0,1,Gasoline
817,817,Toyota Vios,Toyota,2022,925946.0,1,Gasoline
818,818,Toyota Veloz,Toyota,2022,1307472.0,1,Gasoline
819,819,Toyota Rush,Toyota,2022,1253268.0,1,Gasoline
820,820,Toyota Innova,Toyota,2022,1436006.0,1,Diesel
821,821,Toyota Fortuner,Toyota,2022,2645548.0,1,Diesel
822,822,Toyota Hilux Conquest ,Toyota,2024,2156657.0,1,Diesel
823,823,Toyota Raize Turbo,Toyota,2022,1128400.0,1,Gasoline
824,+,Chevrolet Beat,Chevrolet,2024,543447.37,11232,Petrol
825,+,BMW 3 Series,BMW,2024,1526579.0,54123,Petrol
826,+,Toyota Vios J,Toyota,2022,760936.0,1,Gasoline
827,+,Fiat Linea Emotion,Fiat,2024,23123.0,321,Petrol
828,+,Ford EcoSport,Ford,2024,768679.0,4314,Petrol
829,+,Toyota Hilux Conquest ,Toyota,2024,2156657.0,7,Diesel
830,+,Toyota Hilux,Toyota,2022,1304235.0,1,Diesel
+,+,Toyota Hilux Conquest ,Toyota,2024,1110321.0,1323,Petrol
+,+,Toyota Hilux G,Toyota,2021,1231421.0,3214,Diesel
+,+,Toyota Hilux Conquest ,Toyota,2024,1110321.0,1323,Petrol
+,+,Nissan Navarra,Nissan,2023,1523213.0,1,Diesel
+,+,Nissan Terra 3.0,Nissan,2023,2123212.0,23231,Diesel
+,+,Mitsubishi Strada Athlete,Mitsubishi,2021,1821321.0,1231,Diesel
+,+,Mitsubishi Xpander,Mitsubishi,2023,1421421.0,2412,Gasoline
+,+,Toyota Yaris Cross,Toyota,2023,1621341.0,2314,Gasoline
+,+,Mitsubishi Xpander Cross,Mitsubishi,2022,1732411.0,4211,Gasoline
+,+,Mazda BT-50,Mazda,2023,1823112.0,131,Diesel
+,+,Toyota Supra MK1,Toyota,2023,5396000.0,1,Gasoline
+,+,Mazda RX-7,Mazda,2023,2380000.0,1,Gasoline
+,+,Mazda CT-50,Mazda,2021,3021421.0,1,Gasoline
+,+,Mazda CX-69,Mazda,2021,2734313.0,613,Diesel
+,+,Mazda CT-62,Mazda,2021,2103212.0,231412,Gasoline
+,+,Mazda CT-01,Mazda,2014,1621321.0,125421,Gasoline
+,+,Mazda CT-02,Mazda,2016,1942123.0,1521,Gasoline
+,+,Mazda CT-03,Mazda,2016,1963213.0,2142,Gasoline
+,+,Mazda CT-04,Mazda,2017,2013241.0,31,Gasoline
+,+,Mazda CT-05,Mazda,2017,2123122.0,2412,Gasoline
+,+,Toyota Supra MK2,Toyota,2021,4232132.0,32,Gasoline
