,model,brand,year,price,mileage,fuel_type,transmission
0,Hyundai Santro Xing,Hyundai,2007,80000,45000,Gasoline,Manual
1,Mahindra Jeep CL550,Mahindra,2006,425000,40,Diesel,Manual
2,Hyundai Grand i10,Hyundai,2014,325000,28000,Gasoline,Manual
3,Ford EcoSport Titanium,Ford,2014,575000,36000,Diesel,Manual
4,Ford Figo,Ford,2012,175000,41000,Diesel,Manual
5,Hyundai Eon,Hyundai,2013,190000,25000,Gasoline,Manual
6,Ford EcoSport Ambiente,Ford,2016,830000,24530,Diesel,Manual
7,Maruti Suzuki Alto,Maruti,2015,250000,60000,Gasoline,Manual
8,Skoda Fabia Classic,Skoda,2010,182000,60000,Gasoline,Manual
9,Maruti Suzuki Stingray,Maruti,2015,315000,30000,Gasoline,Manual
10,Hyundai Elite i20,Hyundai,2014,415000,32000,Gasoline,Manual
11,Mahindra Scorpio SLE,Mahindra,2015,320000,48660,Diesel,Manual
12,Hyundai Santro Xing,Hyundai,2007,80000,45000,Gasoline,Automatic
13,Mahindra Jeep CL550,Mahindra,2006,425000,40,Diesel,Manual
14,Audi A8,Audi,2017,1000000,4000,Gasoline,Manual
15,Audi Q7,Audi,2014,500000,16934,Diesel,Manual
16,Mahindra Scorpio S10,Mahindra,2016,350000,43000,Diesel,Manual
17,Maruti Suzuki Alto,Maruti,2014,160000,35550,Gasoline,Manual
18,Mahindra Scorpio S10,Mahindra,2016,350000,43000,Diesel,Manual
19,Mahindra Scorpio S10,Mahindra,2016,310000,39522,Diesel,Manual
20,Maruti Suzuki Alto,Maruti,2015,75000,39000,Gasoline,Manual
21,Hyundai i20 Sportz,Hyundai,2012,100000,55000,Gasoline,Manual
22,Hyundai i20 Sportz,Hyundai,2012,100000,55000,Gasoline,Automatic
23,Hyundai i20 Sportz,Hyundai,2012,100000,55000,Gasoline,Manual
24,Maruti Suzuki Alto,Maruti,2017,190000,72000,Gasoline,Manual
25,Maruti Suzuki Vitara,Maruti,2016,290000,15975,Diesel,Manual
26,Maruti Suzuki Alto,Maruti,2008,95000,70000,Gasoline,Manual
27,Mahindra Bolero DI,Mahindra,2017,180000,23452,Diesel,Manual
28,Maruti Suzuki Swift,Maruti,2014,385000,35522,Diesel,Manual
29,Mahindra Scorpio S10,Mahindra,2015,250000,48508,Diesel,Manual
30,Maruti Suzuki Swift,Maruti,2017,180000,15487,Gasoline,Manual
31,Maruti Suzuki Wagon,Maruti,2013,105000,39000,Gasoline,Manual
32,Maruti Suzuki Wagon,Maruti,2013,105000,39000,Gasoline,Manual
33,Toyota Innova 2.0,Toyota,2012,650000,82000,Diesel,Manual
34,Renault Lodgy 85,Renault,2018,689999,20000,Diesel,Manual
35,Skoda Yeti Ambition,Skoda,2012,448000,68000,Diesel,Manual
36,Maruti Suzuki Baleno,Maruti,2017,549000,32000,Diesel,Manual
37,Renault Duster 110,Renault,2012,501000,38000,Diesel,Manual
38,Renault Duster 85,Renault,2013,489999,27000,Diesel,Manual
39,Honda City 1.5,Honda,2011,280000,33000,Gasoline,Manual
40,Maruti Suzuki Alto,Maruti,2015,250000,60000,Gasoline,Automatic
41,Maruti Suzuki Dzire,Maruti,2013,349999,46000,Diesel,Manual
42,Honda Amaze,Honda,2013,284999,46000,Diesel,Manual
43,Honda Amaze 1.5,Honda,2015,345000,36000,Diesel,Manual
44,Honda City,Honda,2015,499999,55000,Gasoline,Manual
45,Datsun Redi GO,Datsun,2017,235000,16000,Gasoline,Automatic
46,Maruti Suzuki SX4,Maruti,2010,249999,36000,Gasoline,Manual
47,Mitsubishi Pajero Sport,Mitsubishi,2015,1475000,47000,Diesel,Manual
48,Mahindra Bolero DI,Mahindra,2017,180000,23452,Diesel,Manual
49,Maruti Suzuki Swift,Maruti,2014,385000,35522,Diesel,Automatic
50,Mahindra Scorpio S10,Mahindra,2015,250000,48508,Diesel,Automatic
51,Maruti Suzuki Swift,Maruti,2017,180000,15487,Gasoline,Automatic
52,Maruti Suzuki Wagon,Maruti,2013,105000,39000,Gasoline,Automatic
53,Maruti Suzuki Wagon,Maruti,2013,105000,39000,Gasoline,Automatic
54,Mahindra Scorpio S10,Mahindra,2015,395000,35000,Diesel,Manual
55,Maruti Suzuki Swift,Maruti,2017,220000,30874,Gasoline,Automatic
56,Honda City ZX,Honda,2017,170000,15000,Diesel,Manual
57,Maruti Suzuki Wagon,Maruti,2013,85000,29685,Gasoline,Manual
58,Ford Figo,Ford,2012,175000,41000,Diesel,Manual
59,Hyundai Eon,Hyundai,2013,190000,25000,Gasoline,Automatic
60,Tata Indigo eCS,Tata,2017,200000,130000,Diesel,Manual
61,Ford EcoSport Ambiente,Ford,2016,830000,24530,Diesel,Manual
62,Tata Indigo eCS,Tata,2017,200000,130000,Diesel,Automatic
63,Mahindra Scorpio SLE,Mahindra,2012,570000,19000,Diesel,Automatic
64,Volkswagen Polo Highline,Volkswagen,2014,315000,60000,Gasoline,Automatic
65,Skoda Fabia Classic,Skoda,2010,182000,60000,Gasoline,Manual
66,Maruti Suzuki Stingray,Maruti,2015,315000,30000,Gasoline,Automatic
67,Chevrolet Spark LS,Chevrolet,2010,110000,41000,Gasoline,Manual
68,Renault Duster 110PS,Renault,2012,501000,35000,Diesel,Manual
69,Honda City,Honda,2015,448999,54000,Gasoline,Manual
70,Mini Cooper S,Mini,2013,1891111,13000,Gasoline,Manual
71,Datsun Redi GO,Datsun,2017,235000,16000,Gasoline,Manual
72,Skoda Fabia 1.2L,Skoda,2011,159500,38200,Diesel,Manual
73,Honda Amaze,Honda,2015,344999,22000,Gasoline,Manual
74,Honda Amaze,Honda,2015,344999,22000,Gasoline,Manual
75,Renault Duster,Renault,2014,449999,50000,Diesel,Manual
76,Mini Cooper S,Mini,2013,1891111,13500,Gasoline,Manual
77,Mahindra Scorpio S4,Mahindra,2015,865000,30000,Diesel,Automatic
78,Mahindra Scorpio VLX,Mahindra,2014,699000,50000,Diesel,Automatic
79,Mahindra Quanto C8,Mahindra,2013,375000,20000,Diesel,Automatic
80,Ford EcoSport,Ford,2017,489999,39000,Gasoline,Manual
81,Honda Brio,Honda,2012,224999,30000,Gasoline,Manual
82,Volkswagen Vento Highline,Volkswagen,2019,1200000,3600,Diesel,Automatic
83,Hyundai i20 Magna,Hyundai,2009,195000,32000,Gasoline,Manual
84,Toyota Corolla Altis,Toyota,2010,351000,38000,Diesel,Manual
85,Hyundai Verna Transform,Hyundai,2008,160000,45000,Gasoline,Automatic
86,Toyota Corolla Altis,Toyota,2009,240000,35000,Gasoline,Manual
87,Honda City 1.5,Honda,2005,90000,50000,Gasoline,Manual
88,Hyundai Elite i20,Hyundai,2014,415000,32000,Gasoline,Manual
89,Skoda Fabia 1.2L,Skoda,2011,155000,45863,Diesel,Manual
90,BMW 3 Series,BMW,2011,600000,60500,Gasoline,Manual
91,Maruti Suzuki A,Maruti,2011,189500,12500,Gasoline,Manual
92,Toyota Etios GD,Toyota,2013,350000,60000,Diesel,Manual
93,Ford Figo Diesel,Ford,2012,210000,35000,Diesel,Automatic
94,Maruti Suzuki Swift,Maruti,2014,390000,35000,Gasoline,Automatic
95,Chevrolet Beat LT,Chevrolet,2012,135000,45000,Diesel,Manual
96,BMW 7 Series,BMW,2009,1600000,35000,Gasoline,Automatic
97,Mahindra XUV500 W8,Mahindra,2013,701000,38000,Diesel,Manual
98,Hyundai i10 Magna,Hyundai,2014,265000,18000,Gasoline,Manual
99,Hyundai Verna Fluidic,Hyundai,2015,525000,35000,Diesel,Manual
100,Maruti Suzuki Swift,Maruti,2013,372000,13349,Gasoline,Manual
101,Maruti Suzuki Ertiga,Maruti,2016,635000,29000,Gasoline,Manual
102,Ford EcoSport Titanium,Ford,2014,550000,44000,Diesel,Manual
103,Maruti Suzuki Ertiga,Maruti,2016,575000,29000,Gasoline,Manual
104,Maruti Suzuki Ertiga,Maruti,2013,485000,42000,Diesel,Manual
105,Maruti Suzuki Alto,Maruti,2012,155000,14000,Gasoline,Manual
106,Hyundai Grand i10,Hyundai,2014,345000,49000,Diesel,Manual
107,Honda Amaze 1.2,Honda,2014,325000,42000,Gasoline,Manual
108,Hyundai i20 Asta,Hyundai,2012,329500,36200,Diesel,Manual
109,Ford Figo Diesel,Ford,2014,195000,50000,Diesel,Manual
110,Maruti Suzuki Eeco,Maruti,2015,251111,55000,Gasoline,Manual
111,Maruti Suzuki Ertiga,Maruti,2014,569999,45000,Gasoline,Manual
112,Maruti Suzuki Esteem,Maruti,2007,69999,51000,Gasoline,Manual
113,Maruti Suzuki Ritz,Maruti,2014,299999,19000,Gasoline,Manual
114,Maruti Suzuki Dzire,Maruti,2009,220000,46000,Gasoline,Manual
115,Maruti Suzuki Ritz,Maruti,2013,399999,33000,Diesel,Manual
116,Maruti Suzuki Swift,Maruti,2013,372000,13349,Gasoline,Manual
117,Maruti Suzuki Dzire,Maruti,2015,450000,104000,Diesel,Manual
118,Toyota Etios Liva,Toyota,2014,270000,55000,Gasoline,Manual
119,Hyundai i20 Sportz,Hyundai,2011,350000,33333,Diesel,Manual
120,Chevrolet Spark,Chevrolet,2012,158400,33600,Gasoline,Manual
121,Maruti Suzuki Alto,Maruti,2017,350000,5600,Gasoline,Manual
122,Nissan Micra XV,Nissan,2011,179000,41000,Gasoline,Manual
123,Maruti Suzuki Swift,Maruti,2007,125000,70000,Gasoline,Manual
124,Maruti Suzuki Alto,Maruti,2018,200000,7500,Gasoline,Manual
125,Honda Amaze 1.5,Honda,2013,299000,45000,Diesel,Manual
126,Maruti Suzuki Alto,Maruti,2015,220000,38000,Gasoline,Manual
127,Chevrolet Beat,Chevrolet,2015,150000,30000,Gasoline,Manual
128,Honda City 1.5,Honda,2010,285000,35000,Gasoline,Manual
129,Ford EcoSport Trend,Ford,2016,830000,24330,Diesel,Manual
130,Hyundai i20 Asta,Hyundai,2009,210000,65480,Gasoline,Manual
131,Maruti Suzuki Swift,Maruti,2013,340000,41000,Gasoline,Manual
132,Tata Indica V2,Tata,2006,90000,20000,Gasoline,Manual
133,Hindustan Motors Ambassador,Hindustan,2000,70000,200000,Diesel,Manual
134,Toyota Corolla Altis,Toyota,2010,289999,70000,Gasoline,Manual
135,Toyota Corolla Altis,Toyota,2012,349999,59000,Gasoline,Manual
136,Toyota Innova 2.5,Toyota,2012,849999,99000,Diesel,Manual
137,Volkswagen Jetta Highline,Volkswagen,2014,749999,46000,Diesel,Manual
138,Volkswagen Polo Comfortline,Volkswagen,2015,399999,2800,Gasoline,Manual
139,Volkswagen Polo,Volkswagen,2014,274999,32000,Gasoline,Manual
140,Mahindra Scorpio,Mahindra,2015,984999,22000,Diesel,Manual
141,Renault Duster,Renault,2014,449999,50000,Diesel,Manual
142,Honda Amaze,Honda,2015,344999,22000,Gasoline,Manual
143,Nissan Sunny,Nissan,2012,224999,45000,Gasoline,Manual
144,Hyundai Elite i20,Hyundai,2018,599999,21000,Gasoline,Manual
145,Renault Kwid,Renault,2016,244999,11000,Gasoline,Manual
146,Renault Duster,Renault,2013,399999,41000,Diesel,Manual
147,Ford EcoSport,Ford,2017,489999,39000,Gasoline,Manual
148,Renault Duster,Renault,2014,474999,50000,Diesel,Manual
149,Mahindra Scorpio VLX,Mahindra,2011,499999,66000,Diesel,Manual
150,Maruti Suzuki Alto,Maruti,2018,310000,3000,Gasoline,Manual
151,Chevrolet Spark LT,Chevrolet,2010,85000,45000,Gasoline,Manual
152,Datsun Redi GO,Datsun,2016,245000,7000,Gasoline,Manual
153,Maruti Suzuki Swift,Maruti,2010,189500,38500,Diesel,Manual
154,Fiat Punto Emotion,Fiat,2012,169500,37200,Diesel,Manual
155,Maruti Suzuki Swift,Maruti,2010,159500,43200,Diesel,Automatic
156,Toyota Etios GD,Toyota,2013,275000,24800,Gasoline,Manual
157,Hyundai i20 Sportz,Hyundai,2014,370000,60000,Diesel,Manual
158,Hyundai i10 Sportz,Hyundai,2010,168000,45872,Gasoline,Manual
159,Chevrolet Beat LT,Chevrolet,2011,150000,40000,Diesel,Automatic
160,Chevrolet Beat LS,Chevrolet,2011,145000,45000,Diesel,Manual
161,Chevrolet Beat LT,Chevrolet,2012,98500,38000,Diesel,Manual
162,Mahindra Scorpio VLX,Mahindra,2014,699000,50000,Diesel,Manual
163,Tata Indigo CS,Tata,2011,85000,11400,Diesel,Manual
164,Toyota Corolla Altis,Toyota,2015,575000,42000,Gasoline,Manual
165,Honda City 1.5,Honda,2014,549000,39000,Gasoline,Automatic
166,Maruti Suzuki Swift,Maruti,2011,209000,47000,Diesel,Manual
167,Hyundai Eon Era,Hyundai,2013,185000,27000,Gasoline,Manual
168,Mahindra Scorpio S10,Mahindra,2015,900000,97200,Diesel,Manual
169,Mahindra XUV500,Mahindra,2014,699999,52000,Diesel,Manual
170,Honda Brio,Honda,2012,224999,30000,Gasoline,Manual
171,Ford Fiesta,Ford,2011,274999,55000,Diesel,Manual
172,Honda Amaze,Honda,2013,284999,46000,Diesel,Manual
173,Honda City,Honda,2015,599999,30000,Diesel,Automatic
174,Maruti Suzuki Wagon,Maruti,2012,199999,44000,Gasoline,Manual
175,Honda City,Honda,2014,544999,45000,Diesel,Manual
176,Hyundai i20,Hyundai,2009,199000,31000,Gasoline,Manual
177,Tata Indigo eCS,Tata,2016,320000,175430,Diesel,Automatic
178,Hyundai Fluidic Verna,Hyundai,2015,540000,38000,Diesel,Automatic
179,Mahindra Quanto C8,Mahindra,2013,340000,37000,Diesel,Manual
180,Fiat Petra ELX,Fiat,2008,75000,65000,Gasoline,Manual
181,Skoda Fabia 1.2L,Skoda,2011,159500,38200,Diesel,Manual
182,Mini Cooper S,Mini,2013,1891111,13000,Gasoline,Manual
183,Hyundai Santro Xing,Hyundai,2005,49000,7500,Gasoline,Manual
184,Maruti Suzuki Ciaz,Maruti,2016,700000,3350,Gasoline,Manual
185,Maruti Suzuki Zen,Maruti,2000,55000,60000,Gasoline,Automatic
186,Honda City,Honda,2015,448999,54000,Gasoline,Automatic
187,Hyundai Creta 1.6,Hyundai,2017,895000,32000,Gasoline,Manual
188,Mahindra Scorpio SLX,Mahindra,2007,355000,75000,Diesel,Manual
189,Mahindra Scorpio SLE,Mahindra,2012,565000,62000,Diesel,Manual
190,Toyota Innova 2.5,Toyota,2006,365000,73000,Diesel,Manual
191,Maruti Suzuki Alto,Maruti,2011,145000,41000,Gasoline,Manual
192,Maruti Suzuki Wagon,Maruti,2011,210000,35000,Gasoline,Manual
193,Tata Nano Cx,Tata,2013,40000,2200,Gasoline,Manual
194,Maruti Suzuki Alto,Maruti,2013,125000,39000,Gasoline,Manual
195,Maruti Suzuki Wagon,Maruti,2009,135000,45000,Gasoline,Manual
196,Maruti Suzuki Swift,Maruti,2006,135000,45000,Gasoline,Automatic
197,Tata Sumo Victa,Tata,2012,285000,65000,Diesel,Manual
198,Maruti Suzuki Wagon,Maruti,2010,145000,54870,Gasoline,Manual
199,Maruti Suzuki Alto,Maruti,2010,135000,34580,Gasoline,Manual
200,Volkswagen Passat Diesel,Volkswagen,2009,450000,97000,Diesel,Manual
201,Renault Scala RxL,Renault,2015,375000,25000,Diesel,Manual
202,Mahindra Quanto C8,Mahindra,2013,375000,20000,Diesel,Manual
203,Hyundai Grand i10,Hyundai,2014,365000,20000,Gasoline,Manual
204,Hyundai i20 Active,Hyundai,2015,500000,18000,Gasoline,Manual
205,Mahindra Xylo E4,Mahindra,2012,400000,35000,Diesel,Manual
206,Mahindra Jeep MM,Mahindra,2019,390000,60,Diesel,Manual
207,Renault Duster 110PS,Renault,2012,501000,35000,Diesel,Automatic
208,Mahindra Bolero SLE,Mahindra,2013,330000,80200,Diesel,Manual
209,Force Motors Force,Force,2015,580000,3200,Diesel,Manual
210,Maruti Suzuki SX4,Maruti,2012,265000,46000,Diesel,Manual
211,Mahindra Jeep CL550,Mahindra,2019,379000,0,Diesel,Manual
212,Maruti Suzuki Alto,Maruti,2015,219000,5000,Gasoline,Manual
213,Mahindra Jeep CL550,Mahindra,2018,385000,588,Diesel,Manual
214,Toyota Etios,Toyota,2011,275000,36000,Diesel,Manual
215,Volkswagen Polo,Volkswagen,2015,330000,38000,Diesel,Manual
216,Honda City ZX,Honda,2008,110000,45000,Gasoline,Manual
217,Maruti Suzuki Wagon,Maruti,2006,80000,71200,Gasoline,Manual
218,Honda City VX,Honda,2016,519000,52000,Diesel,Manual
219,Mahindra Thar CRDe,Mahindra,2016,730000,29000,Diesel,Manual
220,Mitsubishi Pajero Sport,Mitsubishi,2015,1475000,47000,Diesel,Manual
221,Audi A4 1.8,Audi,2009,699000,47000,Gasoline,Automatic
222,Mercedes Benz GLA,Mercedes,2015,2000000,20000,Diesel,Manual
223,Land Rover Freelander,Land,2015,2100000,30000,Diesel,Manual
224,Renault Kwid RXT,Renault,2017,340000,5000,Gasoline,Automatic
225,Tata Aria Pleasure,Tata,2014,390000,35000,Diesel,Manual
226,Mercedes Benz B,Mercedes,2014,1400000,31000,Gasoline,Manual
227,Datsun GO T,Datsun,2016,245000,7000,Gasoline,Manual
228,Tata Indigo eCS,Tata,2016,320000,175430,Diesel,Manual
229,Tata Indigo eCS,Tata,2016,320000,175400,Diesel,Manual
230,Honda Jazz VX,Honda,2016,450000,41000,Gasoline,Manual
231,Honda Amaze 1.2,Honda,2014,311000,33000,Gasoline,Manual
232,Honda Amaze,Honda,2013,284999,46000,Diesel,Automatic
233,Honda City,Honda,2012,399999,45000,Gasoline,Manual
234,Honda City,Honda,2015,599999,39000,Diesel,Manual
235,Honda Amaze,Honda,2015,344999,22000,Gasoline,Manual
236,Audi A4 1.8,Audi,2009,699000,47000,Gasoline,Manual
237,Force Motors Force,Force,2015,580000,3200,Diesel,Manual
238,Mahindra Scorpio S4,Mahindra,2015,855000,30000,Diesel,Manual
239,Hyundai i20 Active,Hyundai,2015,535000,37000,Diesel,Manual
240,Mini Cooper S,Mini,2013,1891111,13000,Gasoline,Manual
241,Maruti Suzuki Ciaz,Maruti,2017,699000,14000,Gasoline,Manual
242,Chevrolet Tavera Neo,Chevrolet,2013,375000,55000,Diesel,Manual
243,Honda Amaze,Honda,2013,284999,46000,Diesel,Manual
244,Hyundai Eon Sportz,Hyundai,2012,178000,30000,Gasoline,Manual
245,Tata Sumo Gold,Tata,2013,300000,50000,Diesel,Manual
246,Maruti Suzuki Wagon,Maruti,2003,90000,45000,Gasoline,Manual
247,Maruti Suzuki Esteem,Maruti,2006,95000,45000,Gasoline,Manual
248,Maruti Suzuki Eeco,Maruti,2015,255000,9300,Gasoline,Manual
249,Chevrolet Enjoy 1.4,Chevrolet,2013,245000,55000,Diesel,Manual
250,Hyundai i20 Asta,Hyundai,2012,329500,36200,Diesel,Manual
251,Ford Figo Diesel,Ford,2014,195000,50000,Diesel,Manual
252,Maruti Suzuki Eeco,Maruti,2015,251111,55000,Gasoline,Automatic
253,Maruti Suzuki Ertiga,Maruti,2014,569999,45000,Gasoline,Manual
254,Maruti Suzuki Esteem,Maruti,2007,69999,51000,Gasoline,Manual
255,Maruti Suzuki Ritz,Maruti,2014,299999,19000,Gasoline,Manual
256,Maruti Suzuki Dzire,Maruti,2009,220000,46000,Gasoline,Manual
257,Maruti Suzuki Ritz,Maruti,2013,399999,33000,Diesel,Manual
258,Maruti Suzuki SX4,Maruti,2010,249999,36000,Gasoline,Manual
259,Maruti Suzuki Wagon,Maruti,2015,289999,22000,Gasoline,Manual
260,Mini Cooper S,Mini,2013,1891111,13500,Gasoline,Manual
261,Nissan Terrano XL,Nissan,2015,499999,60000,Diesel,Manual
262,Renault Duster 85,Renault,2013,489999,27000,Diesel,Manual
263,Renault Duster 85,Renault,2014,489999,59000,Diesel,Manual
264,Renault Duster 85,Renault,2015,549999,19000,Diesel,Manual
265,Maruti Suzuki Dzire,Maruti,2013,380000,30000,Gasoline,Manual
266,Renault Kwid RXT,Renault,2018,325000,15000,Gasoline,Manual
267,Maruti Suzuki Maruti,Maruti,2003,57000,56758,Gasoline,Manual
268,Renault Kwid 1.0,Renault,2018,349999,10000,Gasoline,Manual
269,Renault Lodgy 85,Renault,2018,689999,20000,Diesel,Manual
270,Renault Scala RxL,Renault,2014,349999,49000,Diesel,Manual
271,Hyundai Grand i10,Hyundai,2014,410000,41000,Gasoline,Manual
272,Maruti Suzuki Swift,Maruti,2011,225000,45000,Gasoline,Manual
273,Chevrolet Beat LS,Chevrolet,2010,120000,43000,Gasoline,Manual
274,Tata Indigo eCS,Tata,2016,320000,175430,Diesel,Manual
275,Hyundai Santro Xing,Hyundai,2000,59000,56450,Gasoline,Automatic
276,Hyundai Fluidic Verna,Hyundai,2015,540000,38000,Diesel,Manual
277,Chevrolet Beat LS,Chevrolet,2010,80000,56000,Gasoline,Manual
278,Mahindra Quanto C8,Mahindra,2013,340000,37000,Diesel,Manual
279,Fiat Petra ELX,Fiat,2008,75000,65000,Gasoline,Manual
280,Chevrolet Beat LS,Chevrolet,2015,220000,32700,Gasoline,Manual
281,Skoda Fabia 1.2L,Skoda,2011,159500,38200,Diesel,Manual
282,Ford EcoSport Titanium,Ford,2016,599000,30000,Diesel,Manual
283,Hyundai Accent GLX,Hyundai,2006,80000,56000,Gasoline,Manual
284,Mahindra TUV300 T4,Mahindra,2016,675000,9000,Diesel,Manual
285,Mini Cooper S,Mini,2013,1891111,13000,Gasoline,Automatic
286,Mini Cooper S,Mini,2013,1891111,13000,Gasoline,Manual
287,Tata Indica V2,Tata,2008,150000,11000,Gasoline,Automatic
288,Mini Cooper S,Mini,2013,1891111,13000,Gasoline,Manual
289,Tata Indigo CS,Tata,2009,72500,46000,Diesel,Manual
290,Maruti Suzuki Swift,Maruti,2019,610000,73,Gasoline,Manual
291,Mahindra Scorpio VLX,Mahindra,2004,230000,160000,Diesel,Manual
292,Honda Accord,Honda,2009,175000,58559,Gasoline,Manual
293,Mahindra Scorpio S4,Mahindra,2015,855000,30000,Diesel,Manual
294,Chevrolet Tavera Neo,Chevrolet,2013,375000,55000,Diesel,Manual
295,Ford EcoSport Titanium,Ford,2014,520000,57000,Diesel,Manual
296,Maruti Suzuki Ertiga,Maruti,2015,524999,50000,Diesel,Manual
297,Honda Amaze,Honda,2014,299999,37000,Gasoline,Manual
298,Maruti Suzuki Dzire,Maruti,2012,299999,40000,Gasoline,Manual
299,Honda City,Honda,2011,284999,55000,Gasoline,Manual
300,Mahindra Scorpio 2.6,Mahindra,2007,220000,170000,Diesel,Manual
301,Maruti Suzuki Dzire,Maruti,2014,424999,55000,Diesel,Manual
302,Honda City,Honda,2015,644999,39000,Gasoline,Manual
303,Honda Mobilio,Honda,2014,399999,44000,Gasoline,Manual
304,Toyota Corolla Altis,Toyota,2009,199999,65000,Gasoline,Manual
305,Honda City,Honda,2014,584999,39000,Gasoline,Manual
306,Skoda Laura,Skoda,2012,349999,44000,Diesel,Manual
307,Renault Duster,Renault,2015,449999,49000,Diesel,Manual
308,Maruti Suzuki Ertiga,Maruti,2018,799999,9000,Diesel,Manual
309,Maruti Suzuki Dzire,Maruti,2015,444999,45000,Diesel,Manual
310,Mahindra XUV500,Mahindra,2014,649999,47000,Diesel,Manual
311,Hyundai Verna Fluidic,Hyundai,2012,444999,40000,Diesel,Manual
312,Maruti Suzuki Vitara,Maruti,2016,689999,29000,Diesel,Manual
313,Maruti Suzuki Wagon,Maruti,2016,344999,15000,Gasoline,Automatic
314,Mahindra Scorpio,Mahindra,2015,944999,45000,Diesel,Manual
315,Honda Amaze,Honda,2014,274999,35000,Gasoline,Manual
316,Mahindra XUV500,Mahindra,2013,689999,80000,Diesel,Manual
317,Mahindra Scorpio,Mahindra,2013,574999,68000,Diesel,Manual
318,Skoda Laura,Skoda,2013,374999,50000,Diesel,Manual
319,Volkswagen Polo,Volkswagen,2010,199999,60000,Diesel,Manual
320,Hyundai Elite i20,Hyundai,2016,549999,9000,Gasoline,Manual
321,Tata Manza Aura,Tata,2012,130000,72000,Diesel,Manual
322,Chevrolet Sail UVA,Chevrolet,2013,210000,60000,Gasoline,Manual
323,Renault Duster 110,Renault,2012,501000,38000,Diesel,Automatic
324,Hyundai Verna Fluidic,Hyundai,2013,401000,45000,Diesel,Manual
325,Audi A4 2.0,Audi,2012,1350000,40000,Diesel,Manual
326,Hyundai Elantra SX,Hyundai,2013,600000,20000,Gasoline,Manual
327,Mahindra Scorpio VLX,Mahindra,2013,610000,35000,Diesel,Manual
328,Mahindra KUV100 K8,Mahindra,2016,400000,20000,Diesel,Manual
329,Renault Scala RxL,Renault,2015,375000,25000,Diesel,Manual
330,Mahindra Quanto C8,Mahindra,2013,375000,20000,Diesel,Manual
331,Hyundai Grand i10,Hyundai,2014,365000,20000,Gasoline,Manual
332,Hyundai i20 Active,Hyundai,2015,500000,18000,Gasoline,Manual
333,Mahindra Xylo E4,Mahindra,2012,400000,35000,Diesel,Manual
334,Hyundai Grand i10,Hyundai,2017,524999,6821,Gasoline,Manual
335,Hyundai i20,Hyundai,2014,449999,23000,Gasoline,Manual
336,Hyundai Eon,Hyundai,2014,174999,14000,Gasoline,Manual
337,Hyundai i10,Hyundai,2012,244999,38000,Gasoline,Manual
338,Hyundai i20 Active,Hyundai,2015,574999,35000,Diesel,Manual
339,Datsun Redi GO,Datsun,2017,244999,22000,Gasoline,Manual
340,Toyota Etios Liva,Toyota,2011,239999,41000,Gasoline,Manual
341,Hyundai Accent,Hyundai,2010,99999,45000,Gasoline,Automatic
342,Hyundai Verna,Hyundai,2014,489999,44000,Diesel,Manual
343,Maruti Suzuki Swift,Maruti,2013,324999,45000,Diesel,Manual
344,Toyota Fortuner,Toyota,2011,1074999,52000,Diesel,Manual
345,Hyundai i10 Sportz,Hyundai,2012,230000,34000,Gasoline,Manual
346,Mahindra Bolero Power,Mahindra,2018,699000,1800,Diesel,Automatic
347,Mahindra XUV500,Mahindra,2015,1000000,15000,Diesel,Manual
348,Honda City 1.5,Honda,2010,240000,400000,Gasoline,Manual
349,Chevrolet Spark LT,Chevrolet,2009,110000,44000,Gasoline,Manual
350,Mahindra Jeep MM,Mahindra,2019,390000,60,Diesel,Automatic
351,Renault Duster 110PS,Renault,2012,501000,35000,Diesel,Automatic
352,Mahindra XUV500,Mahindra,2016,1130000,72000,Diesel,Automatic
353,Tata Indigo eCS,Tata,2014,250000,40000,Diesel,Automatic
354,Mahindra Bolero SLE,Mahindra,2013,330000,80200,Diesel,Automatic
355,Force Motors Force,Force,2015,580000,3200,Diesel,Manual
356,Skoda Rapid Elegance,Skoda,2013,340000,48000,Diesel,Automatic
357,Tata Vista Quadrajet,Tata,2011,120000,90000,Diesel,Manual
358,Maruti Suzuki Alto,Maruti,2015,265000,12000,Gasoline,Manual
359,Maruti Suzuki SX4,Maruti,2012,265000,46000,Diesel,Manual
360,Maruti Suzuki Zen,Maruti,2003,85000,69900,Gasoline,Automatic
361,Mahindra Jeep CL550,Mahindra,2019,379000,0,Diesel,Manual
362,Hyundai i10 Magna,Hyundai,2011,175000,45000,Gasoline,Manual
363,Maruti Suzuki Alto,Maruti,2015,219000,5000,Gasoline,Automatic
364,Maruti Suzuki Swift,Maruti,2016,350000,166000,Diesel,Automatic
365,Honda City ZX,Honda,2008,149000,42000,Gasoline,Automatic
366,Mahindra Jeep CL550,Mahindra,2018,385000,588,Diesel,Manual
367,Mahindra Jeep MM,Mahindra,2006,425000,122,Diesel,Automatic
368,Chevrolet Beat Diesel,Chevrolet,2017,150000,62000,Diesel,Manual
369,Honda City 1.5,Honda,2010,225000,70000,Gasoline,Manual
370,Hyundai Verna 1.4,Hyundai,2014,375000,36000,Gasoline,Manual
371,Toyota Innova 2.5,Toyota,2012,770000,0,Diesel,Manual
372,Maruti Suzuki Maruti,Maruti,1995,30000,55000,Gasoline,Manual
373,Toyota Etios,Toyota,2011,275000,36000,Diesel,Manual
374,Volkswagen Polo,Volkswagen,2015,330000,38000,Diesel,Manual
375,Maruti Suzuki Swift,Maruti,2014,335000,55000,Diesel,Manual
376,Hyundai Elite i20,Hyundai,2015,450000,20000,Diesel,Manual
377,Maruti Suzuki Swift,Maruti,2012,225000,40000,Gasoline,Manual
378,Maruti Suzuki Versa,Maruti,2004,80000,50000,Gasoline,Automatic
379,Tata Indigo LX,Tata,2016,130000,104000,Diesel,Automatic
380,Volkswagen Vento Konekt,Volkswagen,2011,245000,65000,Diesel,Automatic
381,Mercedes Benz C,Mercedes,2002,399000,41000,Gasoline,Manual
382,Maruti Suzuki Ertiga,Maruti,2013,450000,90000,Diesel,Manual
383,Honda City,Honda,2000,65000,80000,Gasoline,Automatic
384,Hyundai Santro Xing,Hyundai,2006,75000,46000,Gasoline,Manual
385,Maruti Suzuki Omni,Maruti,2001,70000,70000,Gasoline,Manual
386,Hyundai Sonata Transform,Hyundai,2017,190000,36469,Diesel,Automatic
387,Hyundai Elite i20,Hyundai,2018,600000,7800,Gasoline,Manual
388,Volkswagen Vento Konekt,Volkswagen,2011,245000,65000,Diesel,Manual
389,Maruti Suzuki Alto,Maruti,2017,240000,60000,Gasoline,Manual
390,Maruti Suzuki Alto,Maruti,2011,155000,32000,Gasoline,Manual
391,Honda Jazz S,Honda,2009,169999,24695,Gasoline,Manual
392,Hyundai Grand i10,Hyundai,2017,450000,15141,Gasoline,Manual
393,Maruti Suzuki Zen,Maruti,2001,40000,40000,Gasoline,Manual
394,Mahindra Scorpio W,Mahindra,2012,165000,65000,Diesel,Automatic
395,Maruti Suzuki Alto,Maruti,2014,270000,22000,Gasoline,Automatic
396,Hyundai Grand i10,Hyundai,2016,280000,59910,Diesel,Manual
397,Mahindra XUV500 W8,Mahindra,2012,560000,100000,Diesel,Automatic
398,Hyundai Creta 1.6,Hyundai,2016,950000,25000,Gasoline,Manual
399,Hyundai i20 Magna,Hyundai,2013,310000,35000,Gasoline,Manual
400,Renault Duster 85,Renault,2015,715000,65000,Diesel,Manual
401,Hyundai Grand i10,Hyundai,2014,340000,35000,Gasoline,Manual
402,Honda Brio V,Honda,2012,235000,33000,Gasoline,Manual
403,Mahindra TUV300 T4,Mahindra,2017,610000,68000,Diesel,Manual
404,Chevrolet Spark LS,Chevrolet,2010,95000,23000,Gasoline,Manual
405,Mahindra TUV300 T8,Mahindra,2018,1000000,4500,Diesel,Manual
406,Maruti Suzuki Swift,Maruti,2015,220000,129000,Diesel,Manual
407,Nissan X Trail,Nissan,2019,1200000,300,Diesel,Manual
408,Maruti Suzuki Alto,Maruti,2015,230000,5000,Gasoline,Manual
409,Ford Ikon 1.3,Ford,2001,45000,65000,Gasoline,Manual
410,Toyota Fortuner 3.0,Toyota,2010,940000,131000,Diesel,Manual
411,Tata Manza ELAN,Tata,2010,155555,111111,Gasoline,Manual
412,Mercedes Benz A,Mercedes,2013,1500000,14000,Gasoline,Manual
413,Chevrolet Beat LS,Chevrolet,2016,210000,22000,Diesel,Manual
414,Ford EcoSport Trend,Ford,2013,495000,38000,Diesel,Manual
415,Tata Indigo LS,Tata,2016,125000,70000,Diesel,Manual
416,Hyundai i20 Magna,Hyundai,2010,195000,36000,Gasoline,Manual
417,Volkswagen Vento Highline,Volkswagen,2015,550000,34000,Diesel,Manual
418,Renault Kwid RXT,Renault,2015,270000,43000,Gasoline,Manual
419,Ford EcoSport Titanium,Ford,2014,500000,40000,Diesel,Manual
420,Honda Amaze 1.5,Honda,2016,240000,160000,Diesel,Manual
421,Hyundai Verna 1.6,Hyundai,2017,800000,12000,Gasoline,Manual
422,BMW 5 Series,BMW,2011,1299000,49000,Diesel,Manual
423,Skoda Superb 1.8,Skoda,2011,530000,68000,Gasoline,Manual
424,Audi Q3 2.0,Audi,2013,1499000,37000,Diesel,Manual
425,Mahindra Bolero DI,Mahindra,2012,220000,59466,Diesel,Manual
426,Mahindra Scorpio S10,Mahindra,2015,900000,97200,Diesel,Manual
427,Ford Figo Duratorq,Ford,2012,250000,99000,Diesel,Manual
428,Maruti Suzuki Wagon,Maruti,2018,395000,25500,Gasoline,Manual
429,Mahindra Logan Diesel,Mahindra,2009,130000,66000,Gasoline,Manual
430,Tata Nano GenX,Tata,2010,32000,44005,Gasoline,Manual
431,Mahindra TUV300 T4,Mahindra,2016,540000,35000,Diesel,Manual
432,Mahindra TUV300 T4,Mahindra,2016,540000,35000,Diesel,Manual
433,Hyundai Elite i20,Hyundai,2015,405000,28000,Gasoline,Manual
434,Hyundai Elite i20,Hyundai,2015,400000,30000,Gasoline,Manual
435,Honda City SV,Honda,2017,760000,4000,Gasoline,Manual
436,Maruti Suzuki Baleno,Maruti,2016,500000,28000,Gasoline,Manual
437,Ford Figo Gasoline,Ford,2011,175000,75000,Gasoline,Manual
438,Mahindra Scorpio S10,Mahindra,2015,900000,97200,Diesel,Manual
439,Honda City,Honda,2017,750000,3000,Gasoline,Manual
440,Hyundai Elite i20,Hyundai,2015,419000,20000,Gasoline,Manual
441,Maruti Suzuki Versa,Maruti,2004,90000,50000,Gasoline,Manual
442,Hyundai Eon Era,Hyundai,2018,140000,2110,Gasoline,Manual
443,Mitsubishi Pajero Sport,Mitsubishi,2015,1540000,43222,Gasoline,Manual
444,Hyundai i10 Magna,Hyundai,2008,275000,100200,Gasoline,Manual
445,Toyota Corolla H2,Toyota,2003,150000,100000,Gasoline,Manual
446,Maruti Suzuki Swift,Maruti,2011,230000,65,Gasoline,Manual
447,Tata Indigo CS,Tata,2015,123000,100000,Diesel,Manual
448,Mahindra Scorpio S10,Mahindra,2015,900000,97200,Diesel,Manual
449,Mahindra Scorpio S10,Mahindra,2015,900000,97200,Diesel,Manual
450,Hyundai Xcent Base,Hyundai,2016,300000,140000,Diesel,Manual
451,Honda City,Honda,2015,499999,55000,Gasoline,Manual
452,Hyundai Accent Executive,Hyundai,2009,165000,48000,Gasoline,Manual
453,Maruti Suzuki Baleno,Maruti,2016,498000,22000,Gasoline,Manual
454,Tata Zest XE,Tata,2018,480000,103553,Diesel,Manual
455,Maruti Suzuki Dzire,Maruti,2017,488000,80000,Diesel,Manual
456,Tata Sumo Gold,Tata,2014,250000,99000,Diesel,Automatic
457,Toyota Corolla Altis,Toyota,2010,220000,58000,Gasoline,Manual
458,Maruti Suzuki Eeco,Maruti,2013,290000,70000,LPG,Manual
459,Toyota Fortuner 3.0,Toyota,2015,1525000,120000,Diesel,Manual
460,Mahindra XUV500 W6,Mahindra,2013,548900,49800,Diesel,Automatic
461,Tata Tigor Revotron,Tata,2019,650000,100,Diesel,Manual
462,Maruti Suzuki 800,Maruti,2001,55000,81876,Gasoline,Manual
463,Maruti Suzuki Ertiga,Maruti,2015,550000,75000,Gasoline,Manual
464,Maruti Suzuki Versa,Maruti,2004,90000,50000,Gasoline,Manual
465,Honda Mobilio S,Honda,2014,399000,44000,Diesel,Manual
466,Maruti Suzuki Ertiga,Maruti,2016,730000,55000,Diesel,Automatic
467,Maruti Suzuki Vitara,Maruti,2017,725000,36000,Diesel,Manual
468,Hyundai Verna 1.6,Hyundai,2016,195000,56000,Diesel,Manual
469,Maruti Suzuki Swift,Maruti,2007,130000,62000,Gasoline,Manual
470,Toyota Fortuner 3.0,Toyota,2015,1525000,120000,Diesel,Manual
471,Maruti Suzuki Omni,Maruti,2014,190000,6020,Gasoline,Manual
472,Honda Amaze,Honda,2013,250000,55700,Diesel,Manual
473,Tata Indica,Tata,2005,80000,42000,Gasoline,Manual
474,Hyundai Santro Xing,Hyundai,2003,120000,50000,Gasoline,Automatic
475,Maruti Suzuki Zen,Maruti,2010,149000,35000,Gasoline,Manual
476,Maruti Suzuki Wagon,Maruti,2014,250000,18500,Gasoline,Manual
477,Maruti Suzuki Wagon,Maruti,2007,120000,7000,Gasoline,Manual
478,Honda Brio VX,Honda,2017,450000,11000,Gasoline,Automatic
479,Maruti Suzuki Zen,Maruti,2003,99999,53000,Gasoline,Automatic
480,Maruti Suzuki Zen,Maruti,2008,135000,23000,Gasoline,Manual
481,Maruti Suzuki Wagon,Maruti,2016,225000,35500,Diesel,Manual
482,Maruti Suzuki Alto,Maruti,2010,99000,22134,Gasoline,Manual
483,Renault Kwid RXT,Renault,2019,370000,1000,Gasoline,Manual
484,Tata Nano Lx,Tata,2010,52000,9000,Gasoline,Manual
485,Jaguar XE XE,Jaguar,2016,2800000,8500,Gasoline,Manual
486,Hyundai Eon Magna,Hyundai,2014,190000,35000,Gasoline,Automatic
487,Honda City 1.5,Honda,2014,499000,22000,Gasoline,Automatic
488,Hindustan Motors Ambassador,Hindustan,2002,90000,25000,Diesel,Manual
489,Maruti Suzuki Ritz,Maruti,2010,149000,40000,Gasoline,Manual
490,Hyundai Grand i10,Hyundai,2017,400000,20000,Gasoline,Manual
491,Hyundai Eon D,Hyundai,2016,120000,87000,Gasoline,Manual
492,Maruti Suzuki Swift,Maruti,2015,250000,55000,Gasoline,Manual
493,Maruti Suzuki Wagon,Maruti,2017,375000,23000,Gasoline,Manual
494,Honda Amaze 1.2,Honda,2014,381000,6000,Gasoline,Manual
495,Maruti Suzuki Estilo,Maruti,2013,180000,65000,Gasoline,Manual
496,Maruti Suzuki Vitara,Maruti,2016,580000,25000,Diesel,Manual
497,Maruti Suzuki Eeco,Maruti,2015,278000,39000,Gasoline,Automatic
498,Hyundai Creta 1.6,Hyundai,2016,1000000,8000,Gasoline,Manual
499,Mahindra Scorpio Vlx,Mahindra,2013,690000,75000,Diesel,Manual
500,Maruti Suzuki Ertiga,Maruti,2012,480000,51000,Diesel,Manual
501,Mitsubishi Lancer 1.8,Mitsubishi,2006,85000,50000,Gasoline,Manual
502,Maruti Suzuki Maruti,Maruti,2001,40000,75000,Gasoline,Manual
503,Maruti Suzuki Alto,Maruti,2015,90000,55800,Gasoline,Manual
504,Hyundai Grand i10,Hyundai,2015,340000,53000,Gasoline,Manual
505,Hyundai Eon D,Hyundai,2018,260000,25000,Gasoline,Manual
506,Ford Fiesta SXi,Ford,2009,250000,56400,Gasoline,Manual
507,Maruti Suzuki Ritz,Maruti,2010,180000,72160,Diesel,Manual
508,Hyundai Verna Fluidic,Hyundai,2012,350000,10000,Diesel,Automatic
509,Maruti Suzuki Wagon,Maruti,2006,90001,48000,Gasoline,Manual
510,Maruti Suzuki Estilo,Maruti,2007,115000,36000,Gasoline,Manual
511,Audi A6 2.0,Audi,2012,1599000,11500,Diesel,Manual
512,Maruti Suzuki Wagon,Maruti,2003,130000,133000,Gasoline,Manual
513,Maruti Suzuki Wagon,Maruti,2009,159000,27000,Gasoline,Manual
514,Maruti Suzuki Wagon,Maruti,2009,160000,35000,Gasoline,Manual
515,Maruti Suzuki Alto,Maruti,2010,110000,55000,Gasoline,Manual
516,Maruti Suzuki Baleno,Maruti,2016,425000,40000,Gasoline,Manual
517,Hyundai Verna 1.6,Hyundai,2019,900000,2000,Gasoline,Manual
518,Maruti Suzuki Swift,Maruti,2009,150000,45000,Gasoline,Manual
519,Hyundai Getz Prime,Hyundai,2009,110000,20000,Gasoline,Manual
520,Hyundai Santro,Hyundai,2000,51999,88000,Gasoline,Manual
521,Hyundai Getz Prime,Hyundai,2009,115000,20000,Gasoline,Manual
522,Chevrolet Beat PS,Chevrolet,2012,215000,65422,Diesel,Automatic
523,Ford EcoSport Trend,Ford,2017,580000,10000,Gasoline,Manual
524,Maruti Suzuki Dzire,Maruti,2013,380000,35000,Gasoline,Manual
525,Hyundai Fluidic Verna,Hyundai,2013,350000,117000,Diesel,Automatic
526,Tata Indica V2,Tata,2005,35000,150000,Diesel,Manual
527,BMW X1 xDrive20d,BMW,2011,1150000,72000,Diesel,Manual
528,Hyundai i20 Asta,Hyundai,2010,300000,10750,Gasoline,Manual
529,Honda City 1.5,Honda,2009,269000,55000,Gasoline,Manual
530,Tata Nano,Tata,2013,60000,6800,Gasoline,Manual
531,Chevrolet Cruze LTZ,Chevrolet,2014,400000,41000,Diesel,Manual
532,Hyundai Verna Fluidic,Hyundai,2015,430000,73000,Diesel,Manual
533,Maruti Suzuki Swift,Maruti,2011,140000,65000,Diesel,Automatic
534,Mahindra XUV500 W6,Mahindra,2014,8500003,45000,Diesel,Manual
535,Mahindra XUV500 W10,Mahindra,2018,1299000,40000,Diesel,Manual
536,Maruti Suzuki Alto,Maruti,2014,199000,37000,Gasoline,Manual
537,Hyundai Accent GLE,Hyundai,2006,90000,55000,Gasoline,Manual
538,Force Motors One,Force,2013,550000,140000,Diesel,Manual
539,Maruti Suzuki Alto,Maruti,2019,265000,9800,Gasoline,Manual
540,Chevrolet Spark 1.0,Chevrolet,2011,100000,27000,Gasoline,Manual
541,Hyundai i10,Hyundai,2009,215000,27000,Gasoline,Manual
542,Toyota Etios Liva,Toyota,2012,380000,20000,Diesel,Manual
543,Renault Duster 85PS,Renault,2013,401919,57923,Diesel,Manual
544,Chevrolet Enjoy,Chevrolet,2014,490000,30201,Diesel,Manual
545,Maruti Suzuki Alto,Maruti,2017,280000,6200,Gasoline,Manual
546,BMW 5 Series,BMW,2009,650000,37518,Gasoline,Manual
547,Toyota Etios Liva,Toyota,2014,160000,24652,Gasoline,Manual
548,Mahindra Jeep MM,Mahindra,2004,424000,383,Diesel,Manual
549,Chevrolet Beat LS,Chevrolet,2016,225000,95000,Diesel,Manual
550,Chevrolet Cruze LTZ,Chevrolet,2011,350000,35000,Diesel,Manual
551,Jeep Wrangler Unlimited,Jeep,2015,950000,3528,Diesel,Manual
552,Maruti Suzuki Ertiga,Maruti,2013,485000,52500,Diesel,Manual
553,Hyundai Verna VGT,Hyundai,2010,205000,47900,Diesel,Automatic
554,Maruti Suzuki Omni,Maruti,2012,160000,14000,Gasoline,Manual
555,Maruti Suzuki Celerio,Maruti,2018,310000,37000,Gasoline,Manual
556,Tata Zest Quadrajet,Tata,2017,180000,90000,Diesel,Manual
557,Mahindra XUV500 W6,Mahindra,2013,549900,52800,Diesel,Manual
558,Tata Indigo CS,Tata,2016,150000,104000,Diesel,Manual
559,Hyundai i10 Era,Hyundai,2011,175000,30000,Gasoline,Manual
560,Tata Indigo eCS,Tata,2014,95000,195000,Diesel,Manual
561,Tata Indigo LX,Tata,2016,230000,104000,Diesel,Manual
562,Tata Indigo eCS,Tata,2016,230000,104000,Diesel,Manual
563,Tata Indigo Marina,Tata,2004,180000,70000,Diesel,Manual
564,Hyundai Xcent SX,Hyundai,2015,400000,43000,Diesel,Manual
565,Hyundai Eon Magna,Hyundai,2013,185000,23000,Gasoline,Manual
566,Renault Duster 85,Renault,2015,385000,51000,Diesel,Manual
567,Maruti Suzuki Alto,Maruti,2009,90000,62000,Gasoline,Manual
568,Tata Nano LX,Tata,2010,32000,48008,Gasoline,Manual
569,Renault Duster 110,Renault,2013,435000,39000,Diesel,Manual
570,Maruti Suzuki Wagon,Maruti,2010,225000,40000,Gasoline,Manual
571,Maruti Suzuki Swift,Maruti,2006,189700,48247,Gasoline,Manual
572,Maruti Suzuki Ertiga,Maruti,2012,389700,39000,Diesel,Manual
573,Maruti Suzuki Swift,Maruti,2014,365000,23000,Gasoline,Manual
574,Maruti Suzuki Alto,Maruti,2017,360000,9400,Gasoline,Manual
575,Hyundai i20 Magna,Hyundai,2010,210000,50000,Gasoline,Manual
576,Hyundai i10 Magna,Hyundai,2009,170000,75000,Gasoline,Automatic
577,Tata Zest XE,Tata,2017,380000,70000,Diesel,Manual
578,Mahindra Xylo E8,Mahindra,2009,295000,64000,Diesel,Manual
579,Toyota Corolla Altis,Toyota,2010,185000,55000,Gasoline,Manual
580,Tata Manza Aqua,Tata,2014,160000,200000,Diesel,Manual
581,Renault Kwid 1.0,Renault,2018,290000,2137,Gasoline,Manual
582,Tata Venture EX,Tata,2013,100000,30000,Diesel,Manual
583,Maruti Suzuki Swift,Maruti,2014,315000,44000,Gasoline,Manual
584,Skoda Octavia Classic,Skoda,2006,114990,65000,Diesel,Manual
585,Maruti Suzuki Omni,Maruti,2012,120000,160000,LPG,Manual
586,Chevrolet Beat Diesel,Chevrolet,2011,125000,56000,Diesel,Automatic
587,Tata Sumo Gold,Tata,2012,210000,75000,Diesel,Manual
588,Hyundai Verna 1.6,Hyundai,2018,855000,42000,Diesel,Automatic
589,Tata Sumo Gold,Tata,2012,210000,75000,Diesel,Manual
590,Mahindra Scorpio 2.6,Mahindra,2007,260000,56000,Diesel,Manual
591,Maruti Suzuki Zen,Maruti,2002,95000,10544,Gasoline,Manual
592,Maruti Suzuki Swift,Maruti,2011,255000,64000,Gasoline,Manual
593,Mahindra Scorpio SLX,Mahindra,2008,300000,70000,Diesel,Manual
594,Hyundai Grand i10,Hyundai,2014,340000,25000,Gasoline,Manual
595,Hyundai Elite i20,Hyundai,2017,550000,15000,Gasoline,Manual
596,Ford Ikon 1.6,Ford,2003,60000,50000,Gasoline,Manual
597,Toyota Innova 2.5,Toyota,2011,750000,147000,Diesel,Manual
598,Nissan Sunny XL,Nissan,2011,230000,52000,Gasoline,Manual
599,Chevrolet Beat LT,Chevrolet,2012,130000,90001,Diesel,Manual
600,Maruti Suzuki Alto,Maruti,2017,270000,21000,Gasoline,Manual
601,Maruti Suzuki Swift,Maruti,2012,280000,48006,Diesel,Manual
602,Maruti Suzuki Swift,Maruti,2012,280000,48006,Diesel,Manual
603,Maruti Suzuki Swift,Maruti,2012,280000,48006,Diesel,Manual
604,Toyota Innova 2.0,Toyota,2012,600000,80000,Diesel,Manual
605,Maruti Suzuki Swift,Maruti,2010,190000,74000,Diesel,Manual
606,Hyundai Elite i20,Hyundai,2015,500000,22000,Gasoline,Manual
607,Mahindra XUV500 W10,Mahindra,2016,1065000,41000,Diesel,Manual
608,Volkswagen Polo Trendline,Volkswagen,2015,350000,25000,Diesel,Manual
609,Toyota Etios Liva,Toyota,2012,350000,85000,Diesel,Manual
610,Mahindra TUV300 T4,Mahindra,2016,540000,29500,Diesel,Manual
611,Hyundai Elite i20,Hyundai,2015,470000,30000,Gasoline,Manual
612,Hyundai Santro Xing,Hyundai,2014,179000,57000,Gasoline,Manual
613,Maruti Suzuki Zen,Maruti,2003,48000,60000,Gasoline,Manual
614,Maruti Suzuki Ciaz,Maruti,2016,650000,50000,Gasoline,Automatic
615,Hyundai Eon Era,Hyundai,2013,190000,39700,Gasoline,Manual
616,Hyundai Elantra 1.8,Hyundai,2012,500000,65000,Gasoline,Manual
617,Maruti Suzuki Swift,Maruti,2010,270000,67000,Diesel,Manual
618,Maruti Suzuki Zen,Maruti,2008,125000,46000,Gasoline,Manual
619,Hyundai Eon Era,Hyundai,2012,188000,38000,Gasoline,Manual
620,Hyundai Grand i10,Hyundai,2016,380000,27000,Gasoline,Manual
621,Hyundai Verna Fluidic,Hyundai,2011,365000,43000,Diesel,Manual
622,Ford EcoSport Trend,Ford,2014,465000,47000,Gasoline,Manual
623,Hyundai i20 Magna,Hyundai,2011,240000,42000,Gasoline,Manual
624,Chevrolet Beat Diesel,Chevrolet,2016,179999,19336,Diesel,Automatic
625,Tata Indica eV2,Tata,2015,140000,60105,Diesel,Manual
626,Jaguar XF 2.2,Jaguar,2013,2190000,29000,Diesel,Manual
627,Audi Q5 2.0,Audi,2014,2390000,34000,Diesel,Manual
628,BMW 3 Series,BMW,2011,1075000,35000,Diesel,Manual
629,Maruti Suzuki Swift,Maruti,2015,475000,22000,Gasoline,Manual
630,BMW X1 sDrive20d,BMW,2012,1025000,41000,Diesel,Manual
631,Maruti Suzuki S,Maruti,2016,615000,21000,Diesel,Manual
632,Maruti Suzuki Ertiga,Maruti,2013,475000,48000,Diesel,Manual
633,Maruti Suzuki Alto,Maruti,2016,270000,38000,Gasoline,Manual
634,Honda City SV,Honda,2014,475000,34000,Diesel,Manual
635,Volkswagen Vento Comfortline,Volkswagen,2011,240000,45933,Gasoline,Manual
636,Honda City 1.5,Honda,2005,120000,68000,Gasoline,Manual
637,Audi A4 2.0,Audi,2016,1900000,44000,Diesel,Manual
638,Mahindra KUV100,Mahindra,2017,360000,35000,Diesel,Manual
639,Tata Zest XE,Tata,2018,450000,102563,Diesel,Manual
640,Mahindra XUV500 W8,Mahindra,2015,900000,28600,Diesel,Manual
641,Maruti Suzuki Swift,Maruti,2017,650000,41800,Diesel,Manual
642,Tata Sumo Gold,Tata,2014,275000,116000,Diesel,Automatic
643,Maruti Suzuki Swift,Maruti,2009,210000,59000,Gasoline,Manual
644,Mahindra Scorpio 2.6,Mahindra,2004,175000,58000,Diesel,Manual
645,Maruti Suzuki Omni,Maruti,2009,85000,45000,Gasoline,Manual
646,Mitsubishi Pajero Sport,Mitsubishi,2015,1490000,42590,Diesel,Manual
647,Renault Duster,Renault,2014,800000,7400,Diesel,Automatic
648,Volkswagen Jetta Comfortline,Volkswagen,2009,450000,54500,Diesel,Manual
649,Maruti Suzuki Ertiga,Maruti,2012,1000000,200000,Diesel,Manual
650,Audi A4 2.0,Audi,2013,1510000,27000,Diesel,Manual
651,Volvo S80 Summum,Volvo,2015,1850000,42000,Diesel,Automatic
652,Toyota Corolla Altis,Toyota,2014,790000,29000,Gasoline,Automatic
653,Mitsubishi Pajero Sport,Mitsubishi,2015,1725000,37000,Diesel,Automatic
654,Chevrolet Beat LT,Chevrolet,2012,135000,36000,Gasoline,Automatic
655,BMW X1,BMW,2011,1000000,34000,Diesel,Automatic
656,Datsun Redi GO,Datsun,2018,299999,7000,Gasoline,Manual
657,Mercedes Benz C,Mercedes,2009,1225000,76000,Diesel,Automatic
658,Mahindra Scorpio SLX,Mahindra,2004,175000,60000,Diesel,Manual
659,Volkswagen Vento Comfortline,Volkswagen,2011,200000,95000,Diesel,Manual
660,Tata Indigo CS,Tata,2017,270000,50000,Diesel,Manual
661,Ford Figo Gasoline,Ford,2019,525000,0,Gasoline,Automatic
662,Honda City ZX,Honda,2006,180000,50000,Gasoline,Manual
663,Maruti Suzuki Wagon,Maruti,2008,140000,68000,Gasoline,Manual
664,Ford EcoSport Trend,Ford,2014,400000,16000,Gasoline,Automatic
665,Maruti Suzuki Swift,Maruti,2016,499000,51000,Diesel,Automatic
666,Maruti Suzuki Omni,Maruti,2009,85000,56000,Gasoline,Automatic
667,Maruti Suzuki Zen,Maruti,2004,70000,100000,Gasoline,Manual
668,Renault Duster RxL,Renault,2015,550000,36000,Gasoline,Automatic
669,Maruti Suzuki Swift,Maruti,2014,370000,11523,Gasoline,Manual
670,Maruti Suzuki Baleno,Maruti,2018,690000,1000,Gasoline,Manual
671,Honda WR V,Honda,2009,250000,60000,Gasoline,Manual
672,Tata Indigo CS,Tata,2016,110000,85000,Diesel,Manual
673,Renault Duster 110,Renault,2013,490000,38600,Diesel,Manual
674,Mahindra Scorpio LX,Mahindra,2009,320000,95500,Diesel,Manual
675,Maruti Suzuki Zen,Maruti,2004,68000,56000,Gasoline,Manual
676,Maruti Suzuki Wagon,Maruti,2014,130000,37458,Gasoline,Manual
677,Maruti Suzuki SX4,Maruti,2016,970000,85960,Diesel,Manual
678,Audi A3 Cabriolet,Audi,2015,3100000,12516,Gasoline,Manual
679,Hyundai Eon D,Hyundai,2018,280000,35000,Gasoline,Automatic
680,Maruti Suzuki Zen,Maruti,2009,125000,0,Gasoline,Automatic
681,Mahindra Scorpio SLX,Mahindra,2008,285000,80000,Diesel,Automatic
682,Hyundai Santro AE,Hyundai,2011,165000,45000,Gasoline,Manual
683,Maruti Suzuki Swift,Maruti,2009,250000,51000,Diesel,Manual
684,Mahindra Scorpio S4,Mahindra,2015,865000,30000,Diesel,Automatic
685,Mahindra Xylo D2,Mahindra,2011,390000,48000,Diesel,Manual
686,Hyundai Santro,Hyundai,2003,60000,51000,Gasoline,Manual
687,Chevrolet Beat LT,Chevrolet,2015,215000,90000,Diesel,Automatic
688,Maruti Suzuki Swift,Maruti,2015,475000,43000,Diesel,Manual
689,Mahindra XUV500 W8,Mahindra,2015,899000,53000,Diesel,Manual
690,Toyota Fortuner 3.0,Toyota,2013,1499000,97000,Diesel,Manual
691,Maruti Suzuki Alto,Maruti,2013,240000,20000,Gasoline,Manual
692,Hyundai Getz GLE,Hyundai,2007,99000,55000,Gasoline,Manual
693,Maruti Suzuki Swift,Maruti,2014,260000,120000,Diesel,Manual
694,Hyundai Creta 1.6,Hyundai,2019,1200000,0,Gasoline,Manual
695,Hyundai Santro Xing,Hyundai,2007,115000,46000,Gasoline,Automatic
696,Hyundai Santro Xing,Hyundai,2009,88000,43200,Gasoline,Automatic
697,Mahindra Xylo D2,Mahindra,2011,390000,56000,Diesel,Manual
698,Hyundai Santro Xing,Hyundai,2007,135000,42000,Gasoline,Automatic
699,Tata Indica V2,Tata,2009,90000,30600,Diesel,Manual
700,Hyundai i10 Sportz,Hyundai,2011,220000,38000,Gasoline,Manual
701,Hyundai Grand i10,Hyundai,2017,424999,2550,Gasoline,Manual
702,Hyundai Santro Xing,Hyundai,2007,135000,47000,Gasoline,Manual
703,Honda City 1.5,Honda,2005,95000,41000,Gasoline,Manual
704,Nissan Micra XL,Nissan,2017,430000,62500,Diesel,Manual
705,Honda City 1.5,Honda,2005,115000,68000,Gasoline,Manual
706,Maruti Suzuki Alto,Maruti,2015,215000,50000,Gasoline,Manual
707,Maruti Suzuki Wagon,Maruti,2004,53000,69000,Gasoline,Manual
708,Maruti Suzuki Ertiga,Maruti,2012,500000,48000,Diesel,Manual
709,Tata Indica eV2,Tata,2012,85000,55000,Diesel,Manual
710,Maruti Suzuki Omni,Maruti,2013,165000,25000,Gasoline,Manual
711,Hyundai Eon Era,Hyundai,2014,200000,28400,Gasoline,Manual
712,Hyundai Eon,Hyundai,2014,200000,28000,Gasoline,Manual
713,Maruti Suzuki Swift,Maruti,2015,425000,42000,Diesel,Manual
714,Hyundai Verna 1.6,Hyundai,2012,600000,29000,Diesel,Manual
715,Chevrolet Tavera LS,Chevrolet,2005,130000,68485,Diesel,Manual
716,Tata Tiago Revotron,Tata,2018,430000,3500,Gasoline,Manual
717,Tata Tiago Revotorq,Tata,2019,568500,0,Gasoline,Manual
718,Maruti Suzuki Zen,Maruti,2006,71000,32000,Gasoline,Manual
719,Mahindra KUV100 K8,Mahindra,2018,560000,8000,Diesel,Manual
720,Ford EcoSport Titanium,Ford,2014,590000,34000,Diesel,Manual
721,Hindustan Motors Ambassador,Hindustan,1995,750000,37000,Gasoline,Manual
722,Ford Fusion 1.4,Ford,2007,125000,85455,Diesel,Manual
723,Hyundai Santro Xing,Hyundai,2007,135000,46000,Gasoline,Manual
724,Hyundai Santro,Hyundai,2002,60000,47000,Gasoline,Manual
725,Fiat Linea Emotion,Fiat,2009,120000,64000,Gasoline,Manual
726,Ford Ikon 1.3,Ford,2008,95000,46000,Gasoline,Manual
727,Maruti Suzuki Omni,Maruti,2017,240000,8000,Gasoline,Manual
728,Tata Indica V2,Tata,2012,115000,64000,Diesel,Manual
729,Mahindra Scorpio S4,Mahindra,2015,795000,63000,Diesel,Manual
730,Hyundai Santro Xing,Hyundai,2007,55000,65000,Gasoline,Manual
731,Mahindra Xylo D2,Mahindra,2009,300000,62000,Diesel,Manual
732,Hyundai Grand i10,Hyundai,2014,320000,41000,Gasoline,Manual
733,Maruti Suzuki Alto,Maruti,2015,265000,14000,Gasoline,Manual
734,Toyota Corolla,Toyota,2006,160000,40000,Gasoline,Manual
735,Hyundai Eon Magna,Hyundai,2017,300000,1600,Gasoline,Manual
736,Tata Sumo Grande,Tata,2010,130000,90000,Diesel,Manual
737,Maruti Suzuki Swift,Maruti,2011,250000,58000,Diesel,Manual
738,Volkswagen Polo Highline1.2L,Volkswagen,2013,380000,27000,Gasoline,Manual
739,Maruti Suzuki Alto,Maruti,2003,42000,60000,Gasoline,Manual
740,Tata Tiago Revotron,Tata,2017,400000,31000,Gasoline,Manual
741,Maruti Suzuki Swift,Maruti,2009,120000,90000,Diesel,Manual
742,Maruti Suzuki Swift,Maruti,2009,120000,90000,Diesel,Manual
743,Tata Indigo eCS,Tata,2016,130000,150000,Diesel,Manual
744,Chevrolet Beat LS,Chevrolet,2014,189000,31000,Diesel,Manual
745,Mahindra Xylo E8,Mahindra,2011,365000,43000,Diesel,Manual
746,Hyundai Eon D,Hyundai,2013,170000,20000,Gasoline,Manual
747,Tata Sumo Gold,Tata,2013,215000,100000,Gasoline,Manual
748,Tata Nano,Tata,2013,60000,7000,Gasoline,Manual
749,Hyundai Elite i20,Hyundai,2017,599999,31000,Gasoline,Manual
750,Hyundai i10 Magna,Hyundai,2009,400000,33000,Gasoline,Manual
751,Hyundai Creta,Hyundai,2016,900000,60000,Diesel,Manual
752,Volkswagen Polo,Volkswagen,2013,299999,48000,Diesel,Manual
753,Maruti Suzuki Dzire,Maruti,2014,374999,33000,Gasoline,Manual
754,Tata Bolt XM,Tata,2015,600000,15000,Gasoline,Manual
755,Maruti Suzuki Alto,Maruti,2005,70000,47000,Gasoline,Manual
756,Maruti Suzuki Alto,Maruti,2005,100000,40000,Gasoline,Manual
757,Maruti Suzuki Ritz,Maruti,2010,150000,38000,Diesel,Automatic
758,Maruti Suzuki Alto,Maruti,2017,225000,12500,Gasoline,Manual
759,Maruti Suzuki Dzire,Maruti,2009,210000,42000,Gasoline,Manual
760,Hyundai i20 Asta,Hyundai,2014,425000,31000,Gasoline,Manual
761,Maruti Suzuki Swift,Maruti,2008,162000,60000,Diesel,Automatic
762,Tata Indica V2,Tata,2005,60000,80000,Diesel,Manual
763,Mahindra Scorpio VLX,Mahindra,2014,650000,77000,Diesel,Manual
764,Toyota Innova 2.5,Toyota,2012,750000,75000,Diesel,Manual
765,Mahindra Xylo E8,Mahindra,2010,375000,40000,Diesel,Manual
766,Hyundai i20 Magna,Hyundai,2011,230000,47000,Gasoline,Manual
767,Maruti Suzuki Omni,Maruti,2000,35999,60000,Gasoline,Automatic
768,Mahindra KUV100,Mahindra,2016,380000,26500,Gasoline,Manual
769,Mahindra KUV100 K8,Mahindra,2019,560000,2875,Gasoline,Manual
770,Datsun Go Plus,Datsun,2016,285000,13900,Gasoline,Manual
771,Ford Endeavor 4x4,Ford,2019,2900000,9000,Diesel,Manual
772,Tata Indica V2,Tata,2005,39999,80000,Diesel,Manual
773,Hyundai Santro Xing,Hyundai,2006,85000,60000,Gasoline,Manual
774,Maruti Suzuki Wagon,Maruti,2016,395000,20000,Gasoline,Manual
775,Maruti Suzuki Swift,Maruti,2008,175000,58000,Diesel,Automatic
776,Maruti Suzuki Alto,Maruti,2019,400000,1500,Gasoline,Manual
777,Toyota Innova 2.5,Toyota,2011,750000,75000,Diesel,Manual
778,Maruti Suzuki Alto,Maruti,2016,250000,2450,Gasoline,Manual
779,Maruti Suzuki Alto,Maruti,2019,425000,1625,Gasoline,Automatic
780,Volkswagen Polo Highline1.2L,Volkswagen,2017,525000,45000,Gasoline,Automatic
781,Mahindra Logan,Mahindra,2009,130000,65000,Diesel,Manual
782,Maruti Suzuki 800,Maruti,2000,30000,33400,Gasoline,Manual
783,Mahindra Scorpio,Mahindra,2011,475000,60123,Diesel,Manual
784,Chevrolet Sail 1.2,Chevrolet,2013,300000,28000,Gasoline,Manual
785,Hyundai Santro AE,Hyundai,2003,60000,70000,Gasoline,Manual
786,Maruti Suzuki Wagon,Maruti,2006,100000,7000,Gasoline,Manual
787,Hyundai Eon,Hyundai,2018,260000,25000,Gasoline,Automatic
788,Tata Manza,Tata,2015,100000,100000,Diesel,Automatic
789,Toyota Etios G,Toyota,2013,265000,42000,Gasoline,Manual
790,Hyundai Getz Prime,Hyundai,2009,115000,20000,Gasoline,Manual
791,Toyota Qualis,Toyota,2003,180000,100000,Diesel,Manual
792,Hyundai Santro Xing,Hyundai,2004,45000,137495,Gasoline,Manual
793,Tata Indica eV2,Tata,2016,50500,91200,Diesel,Manual
794,Honda City 1.5,Honda,2009,270000,55000,Gasoline,Manual
795,Tata Zest XE,Tata,2017,290000,120000,Diesel,Manual
796,Mahindra Quanto C4,Mahindra,2013,325000,63000,Diesel,Manual
797,Tata Indigo eCS,Tata,2016,160000,104000,Diesel,Manual
798,Maruti Suzuki Swift,Maruti,2016,350000,146000,Diesel,Automatic
799,Hyundai Elite i20,Hyundai,2011,290000,40000,Gasoline,Manual
800,Hyundai i20 Select,Hyundai,2011,290000,40000,Gasoline,Manual
801,Chevrolet Tavera Neo,Chevrolet,2007,465000,100800,Diesel,Manual
802,Maruti Suzuki Dzire,Maruti,2016,325000,150000,Diesel,Manual
803,Hyundai Elite i20,Hyundai,2018,510000,2100,Gasoline,Manual
804,Honda City VX,Honda,2016,860000,95000,Gasoline,Manual
805,Maruti Suzuki Dzire,Maruti,2016,450000,2500,Diesel,Manual
806,Hyundai Getz,Hyundai,2006,125000,80000,Gasoline,Manual
807,Mercedes Benz C,Mercedes,2006,500001,15000,Gasoline,Manual
808,Maruti Suzuki Alto,Maruti,2005,95000,65000,Gasoline,Manual
809,Maruti Suzuki Swift,Maruti,2009,250000,51000,Diesel,Automatic
810,Skoda Fabia,Skoda,2009,110000,45000,Gasoline,Manual
811,Maruti Suzuki Ritz,Maruti,2011,270000,50000,Gasoline,Manual
812,Tata Indica V2,Tata,2009,110000,30000,Diesel,Manual
813,Toyota Corolla Altis,Toyota,2009,300000,132000,Gasoline,Manual
814,Tata Zest XM,Tata,2018,260000,27000,Diesel,Manual
815,Mahindra Quanto C8,Mahindra,2013,390000,40000,Diesel,Manual
